City,Neighborhood,Arts and Entertainment,Bar,Business and Professional Services,Community and Government,Dining and Lunching,Education,Event,Financial Service,Food and Beverage Retail,Health and Medicine,Landmarks and Outdoors,Office,Retail,Sports and Recreation,Travel and Transportation
Montreal,Ahuntsic East,0.07142857142857142,0.07142857142857142,0.0,0.0,0.5714285714285714,0.0,0.0,0.0,0.14285714285714285,0.0,0.07142857142857142,0.0,0.0,0.0,0.07142857142857142
Montreal,Ahuntsic North,0.02040816326530612,0.061224489795918366,0.0,0.0,0.5714285714285714,0.0,0.0,0.0,0.14285714285714285,0.0,0.061224489795918366,0.0,0.10204081632653061,0.0,0.04081632653061224
Montreal,Ahuntsic South,0.03333333333333333,0.0,0.0,0.0,0.4666666666666667,0.0,0.0,0.0,0.05,0.0,0.0,0.016666666666666666,0.38333333333333336,0.0,0.05
Montreal,Ahuntsic West,0.0,0.047619047619047616,0.0,0.0,0.47619047619047616,0.0,0.0,0.0,0.14285714285714285,0.0,0.047619047619047616,0.0,0.14285714285714285,0.0,0.14285714285714285
Montreal,Anjou North,0.0,0.0,0.0,0.0,0.375,0.0,0.0,0.0,0.125,0.0,0.0,0.0,0.25,0.0,0.25
Montreal,Anjou South,0.07142857142857142,0.0,0.0,0.0,0.2857142857142857,0.0,0.0,0.0,0.07142857142857142,0.0,0.14285714285714285,0.0,0.2857142857142857,0.0,0.14285714285714285
Montreal,"Baie-D'Urfé, Senneville",0.25,0.0,0.0,0.0,0.0,0.0,0.0,0.0,0.0,0.0,0.25,0.0,0.5,0.0,0.0
Montreal,Beaconsfield,0.25,0.0,0.0,0.0,0.5,0.0,0.0,0.0,0.0,0.0,0.25,0.0,0.0,0.0,0.0
Montreal,Cartierville Center,0.0,0.05,0.0,0.0,0.5,0.0,0.0,0.0,0.25,0.0,0.05,0.0,0.1,0.0,0.05
Montreal,Cartierville North,0.0625,0.0,0.0,0.0,0.1875,0.0,0.0,0.0,0.125,0.0,0.25,0.0,0.25,0.0,0.125
Montreal,Cartierville South,0.0,0.0,0.4,0.0,0.2,0.0,0.0,0.0,0.0,0.0,0.4,0.0,0.0,0.0,0.0
Montreal,"Centre-Sud, Le Village",0.1,0.13,0.01,0.0,0.54,0.01,0.0,0.0,0.07,0.0,0.05,0.0,0.05,0.0,0.04
Montreal,"Centre-Sud, Sainte-Marie",0.07407407407407407,0.05555555555555555,0.018518518518518517,0.0,0.42592592592592593,0.0,0.0,0.0,0.09259259259259259,0.0,0.09259259259259259,0.0,0.16666666666666666,0.0,0.07407407407407407
Montreal,Complexe Desjardins,0.13,0.1,0.03,0.02,0.52,0.0,0.0,0.0,0.0,0.0,0.08,0.01,0.05,0.0,0.06
Montreal,Côte Saint-Luc East,0.0,0.0,0.0,0.0,0.45454545454545453,0.0,0.0,0.0,0.13636363636363635,0.0,0.13636363636363635,0.0,0.22727272727272727,0.0,0.045454545454545456
Montreal,Côte Saint-Luc West,0.0,0.0,0.0,0.0,0.5,0.0,0.0,0.0,0.0,0.0,0.25,0.0,0.0,0.0,0.25
Montreal,Côte-des-Neiges East,0.02127659574468085,0.06382978723404255,0.0,0.0,0.48936170212765956,0.02127659574468085,0.0,0.0,0.10638297872340426,0.0,0.0851063829787234,0.0,0.10638297872340426,0.0,0.10638297872340426
Montreal,Côte-des-Neiges North,0.02127659574468085,0.02127659574468085,0.0,0.0,0.574468085106383,0.0,0.0,0.0,0.10638297872340426,0.0,0.02127659574468085,0.0,0.19148936170212766,0.02127659574468085,0.0425531914893617
Montreal,Côte-des-Neiges South,0.013888888888888888,0.013888888888888888,0.013888888888888888,0.0,0.6111111111111112,0.0,0.0,0.0,0.05555555555555555,0.0,0.027777777777777776,0.0,0.1527777777777778,0.0,0.1111111111111111
Montreal,"Côte-des-Neiges, Université de Montréal",0.013888888888888888,0.05555555555555555,0.0,0.0,0.5972222222222222,0.0,0.0,0.0,0.1111111111111111,0.0,0.027777777777777776,0.0,0.1388888888888889,0.013888888888888888,0.041666666666666664
Montreal,Dollard-des-Ormeaux East,0.018518518518518517,0.0,0.0,0.0,0.7407407407407407,0.0,0.0,0.0,0.09259259259259259,0.0,0.037037037037037035,0.0,0.1111111111111111,0.0,0.0
Montreal,Dollard-des-Ormeaux Northwest,0.0,0.0,0.0,0.0,0.0,0.0,0.0,0.0,0.0,0.0,0.4,0.0,0.4,0.0,0.2
Montreal,Dollard-des-Ormeaux Southwest,0.0,0.0,0.02564102564102564,0.0,0.717948717948718,0.0,0.0,0.0,0.05128205128205128,0.0,0.05128205128205128,0.0,0.10256410256410256,0.0,0.05128205128205128
Montreal,"Dorval, L'Île-Dorval",0.0,0.027777777777777776,0.0,0.0,0.4444444444444444,0.0,0.0,0.0,0.08333333333333333,0.0,0.1111111111111111,0.0,0.19444444444444445,0.0,0.1388888888888889
Montreal,Downtown Center,0.09,0.09,0.02,0.0,0.55,0.0,0.0,0.0,0.05,0.0,0.01,0.0,0.12,0.0,0.07
Montreal,Downtown East,0.21,0.07,0.0,0.0,0.44,0.03,0.0,0.0,0.02,0.0,0.06,0.01,0.05,0.0,0.11
Montreal,"Downtown, Concordia University",0.07,0.1,0.04,0.01,0.49,0.01,0.0,0.0,0.01,0.0,0.06,0.0,0.14,0.01,0.06
Montreal,"Downtown, McGill University",0.11,0.08,0.01,0.01,0.44,0.01,0.0,0.0,0.02,0.0,0.07,0.01,0.16,0.02,0.06
Montreal,Duvernay,0.0,0.0,0.0,0.0,0.42857142857142855,0.0,0.0,0.0,0.2857142857142857,0.0,0.0,0.14285714285714285,0.0,0.0,0.14285714285714285
Montreal,East Chomedey,0.09090909090909091,0.0,0.0,0.0,0.36363636363636365,0.0,0.0,0.0,0.2727272727272727,0.0,0.0,0.0,0.2727272727272727,0.0,0.0
Montreal,East Duvernay,0.0,0.0,0.0,0.0,0.5405405405405406,0.0,0.0,0.0,0.24324324324324326,0.0,0.0,0.0,0.1891891891891892,0.0,0.02702702702702703
Montreal,Fabreville,0.0,0.0,0.0,0.0,0.5333333333333333,0.0,0.0,0.0,0.06666666666666667,0.0,0.0,0.0,0.26666666666666666,0.0,0.13333333333333333
Montreal,"Griffintown, Île Notre-Dame, Île Sainte-Hélène",0.05,0.03,0.04,0.0,0.63,0.0,0.0,0.0,0.02,0.0,0.03,0.01,0.09,0.0,0.1
Montreal,Hochelaga,0.03773584905660377,0.07547169811320754,0.0,0.0,0.5283018867924528,0.0,0.0,0.0,0.11320754716981132,0.0,0.07547169811320754,0.0,0.1509433962264151,0.0,0.018867924528301886
Montreal,Kirkland East,0.0,0.0,0.03571428571428571,0.0,0.6071428571428571,0.0,0.0,0.0,0.03571428571428571,0.0,0.03571428571428571,0.03571428571428571,0.10714285714285714,0.0,0.14285714285714285
Montreal,L'Île-Bizard North,1.0,0.0,0.0,0.0,0.0,0.0,0.0,0.0,0.0,0.0,0.0,0.0,0.0,0.0,0.0
Montreal,L'Île-Des-Soeurs,0.0,0.0,0.045454545454545456,0.045454545454545456,0.3181818181818182,0.0,0.0,0.0,0.09090909090909091,0.0,0.2727272727272727,0.0,0.18181818181818182,0.045454545454545456,0.0
Montreal,LaSalle North,0.0,0.022222222222222223,0.0,0.0,0.4888888888888889,0.0,0.0,0.0,0.08888888888888889,0.0,0.022222222222222223,0.022222222222222223,0.28888888888888886,0.0,0.06666666666666667
Montreal,LaSalle South,0.07142857142857142,0.07142857142857142,0.0,0.0,0.21428571428571427,0.0,0.0,0.0,0.2857142857142857,0.0,0.14285714285714285,0.0,0.21428571428571427,0.0,0.0
Montreal,"LaSalle, Ville Saint-Pierre",0.0,0.0,0.0,0.0,0.36363636363636365,0.0,0.0,0.0,0.18181818181818182,0.0,0.09090909090909091,0.0,0.09090909090909091,0.0,0.2727272727272727
Montreal,Lachine North,0.0,0.0,0.1,0.0,0.0,0.0,0.0,0.0,0.0,0.0,0.0,0.1,0.4,0.0,0.4
Montreal,Lachine South,0.06666666666666667,0.0,0.06666666666666667,0.0,0.5333333333333333,0.0,0.0,0.0,0.13333333333333333,0.0,0.0,0.0,0.13333333333333333,0.0,0.06666666666666667
Montreal,Laval-des-Rapides,0.0625,0.0,0.0,0.0,0.1875,0.0,0.0,0.0,0.0625,0.0,0.125,0.0,0.4375,0.0,0.125
Montreal,Laval-sur-le-Lac,0.0,0.0,0.0,0.0,0.5405405405405406,0.0,0.0,0.0,0.24324324324324326,0.0,0.0,0.0,0.1891891891891892,0.0,0.02702702702702703
Montreal,Maisonneuve,0.1111111111111111,0.037037037037037035,0.0,0.0,0.48148148148148145,0.0,0.0,0.0,0.09259259259259259,0.0,0.05555555555555555,0.0,0.16666666666666666,0.018518518518518517,0.037037037037037035
Montreal,Mercier North,0.0,0.0,0.0,0.0,0.5625,0.0,0.0,0.0,0.1875,0.0,0.0625,0.0,0.1875,0.0,0.0
Montreal,Mercier South,0.0,0.0,0.0,0.0,0.5,0.0,0.0,0.0,0.0,0.0,0.25,0.0,0.25,0.0,0.0
Montreal,Mercier West,0.0,0.0,0.0,0.0,0.5,0.0,0.0,0.0,0.21428571428571427,0.0,0.14285714285714285,0.0,0.07142857142857142,0.0,0.07142857142857142
Montreal,Montreal West,0.0,0.0,0.3333333333333333,0.0,0.3333333333333333,0.0,0.0,0.0,0.0,0.0,0.16666666666666666,0.0,0.0,0.0,0.16666666666666666
Montreal,"Montreal, Snowdon, Notre-Dame-de-Grâce",0.07407407407407407,0.0,0.037037037037037035,0.0,0.48148148148148145,0.0,0.0,0.0,0.0,0.0,0.1111111111111111,0.0,0.0,0.0,0.2962962962962963
Montreal,Montréal-Est,0.0,0.0,0.25,0.0,0.25,0.0,0.0,0.0,0.0,0.0,0.0,0.0,0.25,0.0,0.25
Montreal,Montréal-Nord North,0.0,0.0,0.043478260869565216,0.0,0.4782608695652174,0.0,0.0,0.0,0.17391304347826086,0.0,0.0,0.0,0.21739130434782608,0.0,0.08695652173913043
Montreal,Montréal-Nord South,0.0,0.0,0.0,0.0,0.5263157894736842,0.0,0.0,0.0,0.10526315789473684,0.0,0.05263157894736842,0.05263157894736842,0.15789473684210525,0.0,0.10526315789473684
Montreal,Mount Royal Central,0.07692307692307693,0.0,0.0,0.0,0.5,0.0,0.0,0.0,0.07692307692307693,0.0,0.07692307692307693,0.0,0.19230769230769232,0.0,0.07692307692307693
Montreal,Mount Royal North,0.05555555555555555,0.0,0.0,0.0,0.4444444444444444,0.0,0.0,0.0,0.1111111111111111,0.0,0.1111111111111111,0.0,0.16666666666666666,0.0,0.1111111111111111
Montreal,Mount Royal South,0.05128205128205128,0.02564102564102564,0.0,0.0,0.5384615384615384,0.0,0.0,0.0,0.02564102564102564,0.0,0.0,0.0,0.20512820512820512,0.0,0.15384615384615385
Montreal,North Central South,0.0,0.1111111111111111,0.0,0.0,0.2777777777777778,0.0,0.0,0.0,0.05555555555555555,0.0,0.05555555555555555,0.0,0.3333333333333333,0.0,0.16666666666666666
Montreal,Northeast Auteuil,0.0,0.0,0.0,0.0,0.5405405405405406,0.0,0.0,0.0,0.24324324324324326,0.0,0.0,0.0,0.1891891891891892,0.0,0.02702702702702703
Montreal,Northeast Chomedey,0.0,0.02,0.02,0.0,0.62,0.0,0.0,0.0,0.08,0.0,0.02,0.0,0.18,0.0,0.06
Montreal,Northwest Chomedey,0.0625,0.0,0.0,0.0,0.4375,0.0,0.0,0.0,0.125,0.0,0.0625,0.0,0.1875,0.0,0.125
Montreal,Notre-Dame-de-Grâce North,0.0,0.043010752688172046,0.03225806451612903,0.0,0.6666666666666666,0.0,0.0,0.0,0.07526881720430108,0.0,0.010752688172043012,0.010752688172043012,0.11827956989247312,0.0,0.043010752688172046
Montreal,Notre-Dame-de-Grâce South,0.05555555555555555,0.0,0.027777777777777776,0.0,0.4166666666666667,0.0,0.0,0.0,0.19444444444444445,0.0,0.08333333333333333,0.027777777777777776,0.1111111111111111,0.027777777777777776,0.05555555555555555
Montreal,Old Montreal,0.06,0.09,0.02,0.01,0.6,0.0,0.0,0.0,0.0,0.0,0.09,0.0,0.05,0.0,0.08
Montreal,"Old Montreal, Downtown",0.15625,0.041666666666666664,0.03125,0.020833333333333332,0.5104166666666666,0.0,0.0,0.0,0.0,0.0,0.125,0.010416666666666666,0.041666666666666664,0.0,0.0625
Montreal,Outremont,0.0625,0.020833333333333332,0.0,0.020833333333333332,0.6041666666666666,0.0,0.0,0.0,0.08333333333333333,0.0,0.125,0.0,0.08333333333333333,0.0,0.0
Montreal,Outskirts South,0.0,0.0,0.25,0.0,0.0,0.0,0.0,0.0,0.0,0.0,0.0,0.0,0.25,0.0,0.5
Montreal,Parc-Extension,0.05714285714285714,0.0,0.0,0.0,0.6857142857142857,0.0,0.0,0.0,0.02857142857142857,0.0,0.02857142857142857,0.0,0.11428571428571428,0.0,0.08571428571428572
Montreal,Petite-Bourgogne,0.046875,0.078125,0.03125,0.0,0.578125,0.0,0.0,0.0,0.171875,0.0,0.03125,0.0,0.046875,0.0,0.015625
Montreal,Petite-Patrie North,0.031914893617021274,0.06382978723404255,0.010638297872340425,0.0,0.6382978723404256,0.0,0.0,0.0,0.10638297872340426,0.0,0.02127659574468085,0.0,0.10638297872340426,0.0,0.02127659574468085
Montreal,Petite-Patrie South,0.02,0.07,0.02,0.0,0.68,0.0,0.0,0.0,0.16,0.0,0.0,0.0,0.05,0.0,0.0
Montreal,Pierrefonds,0.0,0.0,0.0,0.0,0.25,0.0,0.0,0.0,0.25,0.0,0.0,0.0,0.25,0.0,0.25
Montreal,"Pierrefonds, Kirkland",0.0,0.0,0.0,0.0,0.0,0.0,0.0,0.0,0.0,0.0,0.6666666666666666,0.0,0.0,0.0,0.3333333333333333
Montreal,"Pierrefonds, Sainte-Geneviève",0.0,0.0,0.038461538461538464,0.0,0.5384615384615384,0.0,0.0,0.0,0.15384615384615385,0.0,0.0,0.0,0.19230769230769232,0.0,0.07692307692307693
Montreal,Place Bonaventure,0.17,0.05,0.0,0.0,0.48,0.0,0.0,0.0,0.03,0.0,0.06,0.0,0.09,0.0,0.12
Montreal,Plateau Mont-Royal Center 1,0.03,0.06,0.01,0.0,0.69,0.0,0.0,0.0,0.08,0.0,0.02,0.0,0.1,0.01,0.0
Montreal,Plateau Mont-Royal Center 2,0.07,0.1,0.04,0.01,0.6,0.0,0.0,0.0,0.03,0.0,0.03,0.0,0.1,0.01,0.01
Montreal,Plateau Mont-Royal North,0.04,0.05,0.02,0.0,0.6,0.0,0.0,0.0,0.1,0.0,0.05,0.0,0.11,0.0,0.03
Montreal,Plateau Mont-Royal South,0.26,0.15,0.0,0.0,0.41,0.0,0.0,0.0,0.0,0.0,0.06,0.01,0.04,0.0,0.07
Montreal,Plateau Mont-Royal West,0.04,0.07,0.05,0.0,0.64,0.0,0.0,0.0,0.07,0.0,0.01,0.0,0.12,0.0,0.0
Montreal,Pointe-Saint-Charles,0.023809523809523808,0.14285714285714285,0.07142857142857142,0.0,0.5,0.0,0.0,0.0,0.047619047619047616,0.0,0.047619047619047616,0.0,0.09523809523809523,0.0,0.07142857142857142
Montreal,Pointe-aux-Trembles,0.0,0.0,0.0,0.0,0.0,0.0,0.0,0.0,0.0,0.0,0.5,0.0,0.25,0.25,0.0
Montreal,Pont-Viau,0.0625,0.0,0.0,0.0,0.5625,0.0,0.0,0.0,0.125,0.0,0.0,0.0,0.25,0.0,0.0
Montreal,Region1A0 & 0A1:Akwesasne,0.043478260869565216,0.0,0.043478260869565216,0.0,0.34782608695652173,0.0,0.0,0.0,0.17391304347826086,0.0,0.0,0.0,0.21739130434782608,0.0,0.17391304347826086
Montreal,Reserved0H0:Santa Claus,0.09,0.09,0.02,0.02,0.53,0.0,0.0,0.0,0.0,0.0,0.1,0.01,0.05,0.0,0.09
Montreal,Rivière-des-Prairies North,0.0,0.0,0.0,0.0,0.3333333333333333,0.0,0.0,0.0,0.0,0.0,0.0,0.0,0.3333333333333333,0.0,0.3333333333333333
Montreal,Rivière-des-Prairies South,0.0,0.0,0.0,0.0,0.4,0.0,0.0,0.0,0.2,0.0,0.0,0.0,0.4,0.0,0.0
Montreal,Rosemont East,0.12903225806451613,0.0,0.0,0.0,0.16129032258064516,0.0,0.0,0.0,0.06451612903225806,0.0,0.41935483870967744,0.0,0.16129032258064516,0.0,0.06451612903225806
Montreal,Rosemont North,0.0,0.0,0.0,0.0,0.3333333333333333,0.0,0.0,0.0,0.16666666666666666,0.0,0.16666666666666666,0.0,0.25,0.0,0.08333333333333333
Montreal,Rosemont South,0.0,0.045454545454545456,0.015151515151515152,0.0,0.5303030303030303,0.0,0.0,0.0,0.12121212121212122,0.0,0.07575757575757576,0.0,0.16666666666666666,0.0,0.045454545454545456
Montreal,Roxboro,0.041666666666666664,0.0,0.0,0.0,0.7083333333333334,0.0,0.0,0.0,0.125,0.0,0.0,0.0,0.08333333333333333,0.0,0.041666666666666664
Montreal,Saint-François,0.0,0.0,0.0,0.0,0.5405405405405406,0.0,0.0,0.0,0.24324324324324326,0.0,0.0,0.0,0.1891891891891892,0.0,0.02702702702702703
Montreal,Saint-Henri,0.043478260869565216,0.057971014492753624,0.0,0.0,0.7101449275362319,0.0,0.0,0.0,0.028985507246376812,0.0,0.10144927536231885,0.0,0.043478260869565216,0.014492753623188406,0.0
Montreal,Saint-Laurent Center 1,0.0,0.021739130434782608,0.0,0.0,0.6956521739130435,0.0,0.0,0.0,0.08695652173913043,0.0,0.0,0.0,0.17391304347826086,0.0,0.021739130434782608
Montreal,Saint-Laurent Center 2,0.0,0.0,0.0,0.0,0.25,0.0,0.0,0.0,0.08333333333333333,0.0,0.08333333333333333,0.0,0.3333333333333333,0.0,0.25
Montreal,Saint-Laurent Center 3,0.0,0.0,0.0,0.0,0.2727272727272727,0.0,0.0,0.0,0.09090909090909091,0.0,0.09090909090909091,0.0,0.5454545454545454,0.0,0.0
Montreal,Saint-Laurent North,0.0,0.0,0.0,0.0,0.4117647058823529,0.0,0.0,0.0,0.17647058823529413,0.0,0.0,0.0,0.29411764705882354,0.0,0.11764705882352941
Montreal,Saint-Laurent South,0.15384615384615385,0.0,0.07692307692307693,0.0,0.5384615384615384,0.0,0.0,0.0,0.0,0.0,0.0,0.0,0.0,0.0,0.23076923076923078
Montreal,Saint-Laurent West,0.0,0.0,0.2857142857142857,0.0,0.0,0.0,0.0,0.0,0.2857142857142857,0.0,0.0,0.2857142857142857,0.14285714285714285,0.0,0.0
Montreal,Saint-Léonard North,0.0,0.125,0.0,0.0,0.5,0.0,0.0,0.0,0.125,0.0,0.0,0.0,0.25,0.0,0.0
Montreal,Saint-Léonard South,0.03571428571428571,0.0,0.0,0.0,0.42857142857142855,0.0,0.0,0.0,0.10714285714285714,0.0,0.0,0.0,0.14285714285714285,0.0,0.2857142857142857
Montreal,Saint-Léonard West,0.14285714285714285,0.0,0.0,0.0,0.14285714285714285,0.0,0.0,0.0,0.0,0.0,0.0,0.0,0.5714285714285714,0.0,0.14285714285714285
Montreal,Saint-Michel North,0.0,0.0,0.0,0.0,0.16666666666666666,0.0,0.0,0.0,0.0,0.0,0.16666666666666666,0.0,0.6666666666666666,0.0,0.0
Montreal,Saint-Michel South,0.0,0.02631578947368421,0.0,0.0,0.5789473684210527,0.0,0.0,0.0,0.10526315789473684,0.0,0.02631578947368421,0.0,0.13157894736842105,0.0,0.13157894736842105
Montreal,Saint-Vincent-de-Paul,0.0,0.0,0.0,0.0,0.5405405405405406,0.0,0.0,0.0,0.24324324324324326,0.0,0.0,0.0,0.1891891891891892,0.0,0.02702702702702703
Montreal,Sainte-Dorothée,0.14285714285714285,0.0,0.0,0.0,0.42857142857142855,0.0,0.0,0.0,0.14285714285714285,0.0,0.14285714285714285,0.0,0.14285714285714285,0.0,0.0
Montreal,Sainte-Rose,0.0,0.0,0.0,0.0,0.0,0.0,0.0,0.0,0.0,0.0,1.0,0.0,0.0,0.0,0.0
Montreal,Sault-au-Récollet,0.03571428571428571,0.10714285714285714,0.03571428571428571,0.0,0.25,0.0,0.0,0.0,0.14285714285714285,0.0,0.07142857142857142,0.0,0.25,0.0,0.10714285714285714
Montreal,South Auteuil,0.0,0.0,0.0,0.0,0.5405405405405406,0.0,0.0,0.0,0.24324324324324326,0.0,0.0,0.0,0.1891891891891892,0.0,0.02702702702702703
Montreal,South Chomedey,0.0,0.0,0.0,0.0,0.6363636363636364,0.0,0.0,0.0,0.09090909090909091,0.0,0.0,0.0,0.18181818181818182,0.0,0.09090909090909091
Montreal,Tour de la Bourse,0.21,0.04,0.0,0.0,0.52,0.0,0.0,0.0,0.02,0.0,0.08,0.0,0.06,0.0,0.07
Montreal,Verdun North,0.013333333333333334,0.06666666666666667,0.0,0.0,0.5866666666666667,0.0,0.0,0.0,0.10666666666666667,0.0,0.06666666666666667,0.0,0.10666666666666667,0.0,0.05333333333333334
Montreal,Verdun South,0.08333333333333333,0.0,0.0,0.0,0.25,0.0,0.0,0.0,0.08333333333333333,0.0,0.3333333333333333,0.0,0.16666666666666666,0.0,0.08333333333333333
Montreal,Ville Émard,0.04,0.0,0.0,0.0,0.48,0.0,0.0,0.0,0.08,0.0,0.12,0.0,0.2,0.0,0.08
Montreal,Villeray North,0.03773584905660377,0.018867924528301886,0.0,0.0,0.6226415094339622,0.0,0.0,0.0,0.07547169811320754,0.0,0.018867924528301886,0.0,0.1509433962264151,0.0,0.07547169811320754
Montreal,Villeray South,0.04,0.07,0.0,0.0,0.67,0.0,0.0,0.0,0.13,0.0,0.01,0.01,0.07,0.0,0.0
Montreal,Villeray West,0.0,0.06944444444444445,0.0,0.0,0.5833333333333334,0.0,0.0,0.0,0.08333333333333333,0.0,0.027777777777777776,0.0,0.18055555555555555,0.0,0.05555555555555555
Montreal,Vimont,0.0,0.0,0.0,0.0,0.5454545454545454,0.0,0.0,0.0,0.09090909090909091,0.0,0.0,0.0,0.09090909090909091,0.09090909090909091,0.18181818181818182
Montreal,West Auteuil,0.0,0.0,0.0,0.0,0.5405405405405406,0.0,0.0,0.0,0.24324324324324326,0.0,0.0,0.0,0.1891891891891892,0.0,0.02702702702702703
Montreal,Westmount North,0.0,0.0,0.0,0.0,0.07692307692307693,0.0,0.0,0.0,0.15384615384615385,0.0,0.38461538461538464,0.0,0.0,0.07692307692307693,0.3076923076923077
Montreal,Westmount South,0.05128205128205128,0.0,0.01282051282051282,0.0,0.6025641025641025,0.0,0.0,0.0,0.07692307692307693,0.0,0.038461538461538464,0.02564102564102564,0.16666666666666666,0.01282051282051282,0.01282051282051282
Montreal,YUL,0.0,0.021739130434782608,0.021739130434782608,0.0,0.5652173913043478,0.0,0.0,0.0,0.021739130434782608,0.0,0.0,0.0,0.06521739130434782,0.0,0.30434782608695654
Montreal,Îles-Laval,0.0,0.0,0.0,0.0,0.25,0.0,0.0,0.0,0.0,0.0,0.25,0.0,0.25,0.0,0.25
Ottawa,"Alta Vista, Billings Bridge",0.0,0.0,0.0,0.0,0.4,0.0,0.0,0.0,0.2,0.0,0.2,0.0,0.2,0.0,0.0
Ottawa,"Ameliasburgh, Astra, Baltimore, Batawa, Bloomfield, Brighton, Camden East, Cannifton, Carrying Place, Castleton, Centreville, Cherry Valley, Codrington, Colborne, Consecon, Corbyville, Demorestville, Deseronto, Eldorado, Enterprise, Erinsville, Foxboro, Frankford, Gores Landing, Grafton, Harwood, Hillier, Madoc  township , Madoc  village , Marlbank, Marmora, Marysville, Milford, Newburgh, Picton, Plainfield, Roblin, Roseneath, Roslin, Selby, Shannonville, Springbrook, Stirling, Tamworth, Thomasburg, Tweed, Warkworth, Wellington, Wooler, Yarker, Astra",0.0,0.0,0.0,0.0,0.3333333333333333,0.0,0.0,0.0,0.0,0.0,0.16666666666666666,0.0,0.0,0.0,0.5
Ottawa,"Apsley, Bailieboro, Bancroft, Bewdley, Boulter, Bridgenorth, Buckhorn, Campbellford, Cardiff, Coe Hill, Curve Lake, Ennismore, Fraserville, Gilmour, Harcourt, Hastings, Havelock, Highland Grove, Indian River, Juniper Island, Keene, Lakefield, Lakehurst, Lake St. Peter, L'Amable, McArthur's Mills, Maple Leaf, Maynooth, Norwood, Omemee, Reaboro, Tory Hill, Trent River, Douro-Dummer, Warsaw, Westwood, Wilberforce, Woodview, Young's Point",0.0,0.14285714285714285,0.0,0.0,0.42857142857142855,0.0,0.0,0.0,0.14285714285714285,0.0,0.0,0.0,0.14285714285714285,0.0,0.14285714285714285
Ottawa,"Ardoch, Bath, Battersea, Clarendon Station, Cloyne, Denbigh, Elginburg, Flinton, Glenburnie, Godfrey, Harrowsmith, Hartington, Inverary, Joyceville, Kaladar, Maberly, Mississippi Station, Mountain Grove, Northbrook, Odessa, Ompah, Parham, Perth Road, Plevna, Seeleys Bay, Sharbot Lake, Snow Road Station, Stella, Sydenham, Tichborne, Verona, Wolfe Island",0.06666666666666667,0.06666666666666667,0.0,0.0,0.3333333333333333,0.0,0.0,0.0,0.0,0.0,0.06666666666666667,0.0,0.26666666666666666,0.0,0.2
Ottawa,"Athens, Brinston, Cardinal, Delta, Frankville, Inkerman, Iroquois, Lansdowne, Lyn, Lyndhurst, Maitland, Mallorytown, Mountain, Prescott, Rockport, South Mountain, Spencerville, Toledo",0.0,0.0,0.0,0.0,0.48148148148148145,0.0,0.0,0.0,0.1111111111111111,0.0,0.1111111111111111,0.0,0.18518518518518517,0.0,0.1111111111111111
Ottawa,Barrhaven,0.044444444444444446,0.0,0.044444444444444446,0.0,0.4888888888888889,0.0,0.0,0.0,0.08888888888888889,0.0,0.044444444444444446,0.0,0.2,0.0,0.08888888888888889
Ottawa,"Beachburg, Bissett Creek, Burnstown, Calabogie, Chalk River, Cobden, Combermere, Cormac, Dacre, Deep River, Deux Rivieres, Douglas, Eganville, Foresters Falls, Foymount, Golden Lake, Haley Station, Killaloe, Mackey, Madawaska, Palmer Rapids, Quadeville, Rolphton, Round Lake Centre, Stonecliffe, Westmeath, Whitney, Wilno, Griffith",0.0,0.0,0.0,0.0,0.2,0.0,0.0,0.0,0.0,0.0,0.0,0.0,0.2,0.0,0.6
Ottawa,"Beacon Hill, Cyrville, Carson Grove",0.0,0.0,0.0,0.0,0.5,0.0,0.0,0.0,0.1,0.0,0.0,0.0,0.2,0.0,0.2
Ottawa,"Beaverbrook, Morgan's Grant, Briar Brook, Kanata Lakes",0.0,0.0,0.0,0.0,0.3333333333333333,0.0,0.0,0.0,0.3333333333333333,0.0,0.0,0.0,0.3333333333333333,0.0,0.0
Ottawa,Belleville West,0.5,0.0,0.0,0.0,0.0,0.0,0.0,0.0,0.0,0.0,0.0,0.0,0.5,0.0,0.0
Ottawa,"Bells Corners, Trend-Arlington, Redwood, Qualicum-Graham Park, Leslie Park, Crystal Beach, Lakeview, Rocky Point, Crystal Bay",0.025,0.0,0.0,0.0,0.375,0.0,0.0,0.0,0.125,0.0,0.0,0.025,0.25,0.0,0.2
Ottawa,"Blackburn Hamlet, Pine View, Sheffield Glen",0.0,0.1,0.0,0.0,0.3,0.0,0.0,0.0,0.1,0.0,0.0,0.0,0.3,0.1,0.1
Ottawa,"Blossom Park, Greenboro, Leitrim, Findlay Creek",0.0,0.0,0.0,0.0,0.5,0.0,0.0,0.0,0.0,0.0,0.0,0.0,0.5,0.0,0.0
Ottawa,"Bolsover, Burnt River, Cambray, Cameron, Algonquin Highlands, Coboconk, Dunsford, Eagle Lake, Fenelon Falls, Gooderham, Haliburton, Irondale, Kinmount, Kirkfield, Little Britain, Manilla, Minden, Norland, Oakwood, West Guilford, Woodville",0.0,0.0,0.0,0.0,0.5,0.0,0.0,0.0,0.16666666666666666,0.0,0.0,0.0,0.25,0.0,0.08333333333333333
Ottawa,"Bradley Commons, Fernbank Crossing, Abbottsville Crossing",0.0,0.0,0.0,0.0,0.4230769230769231,0.0,0.0,0.0,0.038461538461538464,0.0,0.0,0.0,0.5384615384615384,0.0,0.0
Ottawa,"Bradley Estates, Chapel Hill South, Blackburn, Trailsedge",0.0,0.0,0.0,0.0,0.3333333333333333,0.0,0.0,0.0,0.0,0.0,0.3333333333333333,0.0,0.3333333333333333,0.0,0.0
Ottawa,"Briargreen, Centrepointe, Ryan Farm, Algonquin College, Meadowlands, City View, Crestview, Craig Henry, Woodvale, Manordale, Tangelwood, Merivale Gardens, Grenfell Glen, Ashdale, Rideau Glen, Davidson Heights, Havenlea",0.0,0.0,0.0,0.0,0.16666666666666666,0.0,0.0,0.0,0.0,0.0,0.3333333333333333,0.0,0.16666666666666666,0.16666666666666666,0.16666666666666666
Ottawa,"Bridlewood, Trailwest, Blackstone",0.0,0.0,0.0,0.0,0.36363636363636365,0.0,0.0,0.0,0.0,0.0,0.45454545454545453,0.0,0.18181818181818182,0.0,0.0
Ottawa,"Britannia, Foster Farm, Queensway Terrace North, Whitehaven, Bayshore, Woodpark",0.0,0.03225806451612903,0.0,0.0,0.4838709677419355,0.0,0.0,0.03225806451612903,0.0967741935483871,0.0,0.16129032258064516,0.0,0.16129032258064516,0.0,0.03225806451612903
Ottawa,Brockville South,0.05263157894736842,0.10526315789473684,0.0,0.0,0.47368421052631576,0.0,0.0,0.0,0.05263157894736842,0.0,0.21052631578947367,0.0,0.05263157894736842,0.0,0.05263157894736842
Ottawa,"Canadian Forces, Army, RCAF, CANCOM",0.0,0.04,0.0,0.0,0.56,0.0,0.0,0.0,0.04,0.0,0.04,0.0,0.2,0.0,0.12
Ottawa,"Cedardale, Ellwood, Heron Gate, Heron Park, Riverside Park, Honey Gables, Hunt Club, Ridgemont, Riverside South, South Keys, Uplands",0.0,0.058823529411764705,0.0,0.0,0.17647058823529413,0.0,0.0,0.0,0.0,0.0,0.0,0.0,0.08823529411764706,0.0,0.6764705882352942
Ottawa,Central and northern subdivisions,0.1,0.0,0.0,0.0,0.4,0.0,0.0,0.0,0.2,0.0,0.0,0.0,0.1,0.0,0.2
Ottawa,Centretown,0.07,0.09,0.02,0.0,0.65,0.0,0.0,0.0,0.03,0.0,0.04,0.0,0.07,0.0,0.03
Ottawa,"Centretown West, Chinatown, LeBreton Flats, Little Italy",0.03,0.04,0.0,0.02,0.74,0.0,0.0,0.0,0.03,0.0,0.08,0.0,0.01,0.0,0.05
Ottawa,"Chute à Blondeau, Curran, Dalkeith, Fournier, Glen Robertson, Lefaivre, L'Orignal, Plantagenet, Ste-Anne-de-Prescott, St-Bernardin, St. Eugene, Vankleek Hill",0.0,0.043478260869565216,0.0,0.0,0.43478260869565216,0.0,0.0,0.0,0.21739130434782608,0.0,0.043478260869565216,0.0,0.17391304347826086,0.0,0.08695652173913043
Ottawa,"Civic Hospital, Wellington Village, Hintonburg, Mechanicsville, Champlain Park, Tunney's Pasture",0.075,0.0625,0.0,0.0,0.575,0.0,0.0,0.0,0.0875,0.0,0.0625,0.0,0.1125,0.0,0.025
Ottawa,Cobourg,0.041666666666666664,0.0,0.020833333333333332,0.0,0.5208333333333334,0.0,0.0,0.0,0.10416666666666667,0.0,0.10416666666666667,0.0,0.125,0.0,0.08333333333333333
Ottawa,Cornwall East,0.0,0.0,0.0,0.0,0.3333333333333333,0.0,0.0,0.0,0.0,0.0,0.0,0.0,0.3333333333333333,0.0,0.3333333333333333
Ottawa,Cornwall North,0.07,0.1,0.01,0.0,0.58,0.01,0.0,0.0,0.04,0.0,0.02,0.0,0.1,0.0,0.07
Ottawa,Cornwall West,0.07,0.1,0.01,0.0,0.58,0.01,0.0,0.0,0.04,0.0,0.02,0.0,0.1,0.0,0.07
Ottawa,Downtown South,0.08,0.07,0.01,0.02,0.57,0.0,0.0,0.0,0.02,0.0,0.1,0.0,0.1,0.0,0.03
Ottawa,"Eastway Gardens, Riverview, Hawthorne, Elmvale Acres, Canterbury, Hunt Club Park",0.0,0.0,0.0,0.0,0.25,0.0,0.0,0.0,0.0,0.0,0.0,0.0,0.25,0.0,0.5
Ottawa,"Fairbairn Meadows, Jackson Heights",0.08450704225352113,0.1267605633802817,0.0,0.0,0.5492957746478874,0.0,0.0,0.0,0.07042253521126761,0.0,0.056338028169014086,0.0,0.07042253521126761,0.0,0.04225352112676056
Ottawa,Fallingbrook,0.0,0.16666666666666666,0.0,0.0,0.3333333333333333,0.0,0.0,0.0,0.0,0.0,0.3333333333333333,0.0,0.16666666666666666,0.0,0.0
Ottawa,"Fallowfield Village, Cedarhill Estates, Orchard Estates",0.0,0.0,0.0,0.0,0.0,0.0,0.0,0.0,0.0,0.0,0.5,0.0,0.5,0.0,0.0
Ottawa,Ficko,0.0,0.0,0.0,0.0,0.0,0.0,0.0,0.0,0.0,0.0,1.0,0.0,0.0,0.0,0.0
Ottawa,Gananoque,0.10526315789473684,0.10526315789473684,0.0,0.0,0.42105263157894735,0.0,0.0,0.0,0.05263157894736842,0.0,0.21052631578947367,0.0,0.0,0.0,0.10526315789473684
Ottawa,Gatineau,0.14285714285714285,0.07142857142857142,0.0,0.0,0.39285714285714285,0.0,0.0,0.0,0.03571428571428571,0.0,0.2857142857142857,0.0,0.0,0.0,0.07142857142857142
Ottawa,Greely,0.0,0.0,0.0,0.0,0.0,0.0,0.0,0.0,0.0,0.0,0.0,0.0,1.0,0.0,0.0
Ottawa,Hawkesbury,0.0,0.1111111111111111,0.0,0.0,0.5555555555555556,0.0,0.0,0.0,0.0,0.0,0.0,0.0,0.2222222222222222,0.0,0.1111111111111111
Ottawa,"Highland Park, McKellar Heights, McKellar Park, Glabar Park, Carlingwood",0.0,0.0,0.0,0.0,0.6,0.0,0.0,0.0,0.04,0.0,0.12,0.0,0.16,0.0,0.08
Ottawa,"Katimavik-Hazeldean, Glen Cairn",0.0,0.027777777777777776,0.027777777777777776,0.0,0.4444444444444444,0.0,0.0,0.0,0.1388888888888889,0.0,0.027777777777777776,0.0,0.2777777777777778,0.0,0.05555555555555555
Ottawa,Kingston,0.0,0.0,0.0,0.0,0.6,0.0,0.0,0.0,0.4,0.0,0.0,0.0,0.0,0.0,0.0
Ottawa,Lindsay,0.0,0.0,0.03571428571428571,0.0,0.4642857142857143,0.0,0.0,0.0,0.0,0.0,0.0,0.0,0.39285714285714285,0.0,0.10714285714285714
Ottawa,"Lower Town, ByWard Market, Sandy Hill, University of Ottawa",0.06,0.1,0.01,0.0,0.58,0.01,0.0,0.0,0.04,0.0,0.03,0.0,0.1,0.0,0.07
Ottawa,"Marchwood, Kanata Estates, Richardson Estates, Heritage Hills, Arcadia",0.0,0.0,0.0,0.0,0.4117647058823529,0.0,0.0,0.0,0.17647058823529413,0.0,0.0,0.0,0.35294117647058826,0.0,0.058823529411764705
Ottawa,Napanee,0.125,0.0,0.0,0.0,0.625,0.0,0.0,0.0,0.0,0.0,0.125,0.0,0.0,0.0,0.125
Ottawa,Navan,0.0,0.0,0.0,0.0,0.0,0.0,0.0,0.0,0.0,0.0,0.0,0.0,0.0,0.0,1.0
Ottawa,"Orleans, Chapel Hill, Chateauneuf, Convent Glen, Hiawatha Park, Orleans Village, Orleans Wood",0.0,0.11764705882352941,0.0,0.0,0.7058823529411765,0.0,0.0,0.0,0.0,0.0,0.0,0.0,0.11764705882352941,0.0,0.058823529411764705
Ottawa,"Orleans, Queenswood Heights, Queenswood Village",0.0625,0.0625,0.0,0.0,0.375,0.0,0.0,0.0,0.0625,0.0,0.0625,0.0,0.25,0.0,0.125
Ottawa,"Overbrook, Forbes, Manor Park, Viscount Alexander Park, Carson Meadows",0.0,0.0,0.06666666666666667,0.0,0.5333333333333333,0.0,0.0,0.0,0.26666666666666666,0.0,0.06666666666666667,0.0,0.06666666666666667,0.0,0.0
Ottawa,Perth,0.0,0.0,0.0,0.0,0.375,0.0,0.0,0.0,0.125,0.0,0.125,0.0,0.25,0.0,0.125
Ottawa,Petawawa,0.0,0.0,0.0,0.0,0.8,0.0,0.0,0.0,0.0,0.0,0.0,0.0,0.0,0.0,0.2
Ottawa,Peterborough Central,0.08450704225352113,0.1267605633802817,0.0,0.0,0.5492957746478874,0.0,0.0,0.0,0.07042253521126761,0.0,0.056338028169014086,0.0,0.07042253521126761,0.0,0.04225352112676056
Ottawa,Peterborough South,0.08450704225352113,0.1267605633802817,0.0,0.0,0.5492957746478874,0.0,0.0,0.0,0.07042253521126761,0.0,0.056338028169014086,0.0,0.07042253521126761,0.0,0.04225352112676056
Ottawa,"Pittsburgh Township, CFB Kingston, Rideau Heights",0.0,0.0,0.0,0.0,0.25,0.0,0.0,0.0,0.0,0.0,0.5,0.0,0.125,0.0,0.125
Ottawa,"Pleasant View, Fairview",0.1,0.0,0.0,0.0,0.4,0.0,0.0,0.0,0.2,0.0,0.0,0.0,0.1,0.0,0.2
Ottawa,Princess St.,0.0,0.0,0.0,0.0,0.25,0.0,0.0,0.0,0.0,0.0,0.5,0.0,0.125,0.0,0.125
Ottawa,"Queensway Terrace South, Ridgeview, Parkway Park, Kenson Park, Bel-Air Park, Braemar Park, Bel-Air Heights, Copeland Park, Central Park, Carleton Heights, Carleton University",0.1111111111111111,0.0,0.0,0.0,0.6666666666666666,0.0,0.0,0.0,0.1111111111111111,0.0,0.0,0.0,0.0,0.0,0.1111111111111111
Ottawa,"Reddendale, Cataraqui, Collins Bay",0.0,0.0,0.0,0.0,0.25,0.0,0.0,0.0,0.0,0.0,0.5,0.0,0.125,0.0,0.125
Ottawa,Renfrew,0.010416666666666666,0.041666666666666664,0.020833333333333332,0.0,0.6145833333333334,0.0,0.0,0.0,0.0625,0.0,0.052083333333333336,0.020833333333333332,0.15625,0.0,0.020833333333333332
Ottawa,"Rockcliffe Park, New Edinburgh, Lindenlea",0.0,0.0,0.05263157894736842,0.0,0.3684210526315789,0.0,0.0,0.0,0.05263157894736842,0.0,0.42105263157894735,0.0,0.10526315789473684,0.0,0.0
Ottawa,Rockland,0.0,0.0,0.0,0.0,0.0,0.0,0.0,0.0,0.0,0.0,0.0,0.0,0.25,0.0,0.75
Ottawa,"Sidney Township, Avondale",0.5,0.0,0.0,0.0,0.0,0.0,0.0,0.0,0.0,0.0,0.0,0.0,0.5,0.0,0.0
Ottawa,"Skyline, Fisher Heights, Parkwood Hills, Stewart Farm, Borden Farm, Fisher Glen, CitiPlace, Pineglen, Clearview, Country Place",0.047619047619047616,0.0,0.0,0.0,0.5238095238095238,0.0,0.0,0.0,0.0,0.0,0.047619047619047616,0.0,0.2857142857142857,0.0,0.09523809523809523
Ottawa,"Stittsville, Huntley, Healey's Heath, Stanley Corners, Mansfield, Bridlewood Trails",0.16666666666666666,0.16666666666666666,0.0,0.0,0.0,0.0,0.0,0.0,0.16666666666666666,0.0,0.16666666666666666,0.0,0.16666666666666666,0.0,0.16666666666666666
Ottawa,"Terra View Heights, Woodland Acres, Donwood",0.08450704225352113,0.1267605633802817,0.0,0.0,0.5492957746478874,0.0,0.0,0.0,0.07042253521126761,0.0,0.056338028169014086,0.0,0.07042253521126761,0.0,0.04225352112676056
Ottawa,"The Glebe, Old Ottawa South, Old Ottawa East, Glebe Annex",0.07575757575757576,0.07575757575757576,0.015151515151515152,0.0,0.5303030303030303,0.0,0.0,0.0,0.09090909090909091,0.0,0.06060606060606061,0.0,0.15151515151515152,0.0,0.0
Ottawa,Trenton,0.0,0.0,0.0,0.0,0.6,0.0,0.0,0.0,0.0,0.0,0.0,0.0,0.2,0.0,0.2
Ottawa,"Vanier, McKay Lake",0.04,0.04,0.04,0.0,0.48,0.0,0.0,0.0,0.12,0.0,0.04,0.0,0.12,0.0,0.12
Ottawa,"Westboro, Carlington",0.0,0.0,0.0,0.0,0.5333333333333333,0.0,0.0,0.0,0.1,0.0,0.06666666666666667,0.0,0.16666666666666666,0.0,0.13333333333333333
Ottawa,"Westbrook, Cataraqui Woods, Cedarwood",0.0,0.0,0.0,0.0,0.25,0.0,0.0,0.0,0.0,0.0,0.5,0.0,0.125,0.0,0.125
Paris,"Auteuil, La Muette, La Porte-Dauphine, 3",0.08888888888888889,0.0,0.0,0.0,0.4666666666666667,0.0,0.0,0.0,0.08888888888888889,0.0,0.3111111111111111,0.0,0.022222222222222223,0.0,0.022222222222222223
Paris,"Belleville, Saint-Fargeau, Le Père-Lachaise, Charonne",0.1,0.16,0.0,0.01,0.56,0.0,0.0,0.0,0.03,0.0,0.07,0.01,0.04,0.0,0.02
Paris,"Gaillon, Vivienne, Le Mail, Bonne-Nouvelle",0.08,0.05,0.01,0.0,0.55,0.0,0.0,0.0,0.04,0.0,0.13,0.0,0.1,0.0,0.04
Paris,"La Folie-Méricourt, Saint-Ambroise, La Roquette, Sainte-Marguerite",0.05,0.19,0.0,0.0,0.56,0.0,0.0,0.0,0.03,0.0,0.02,0.01,0.11,0.0,0.03
Paris,"La Monnaie, L'Odéon, Notre-Dame-des-Champs, Saint-Germain-des-Prés",0.03,0.06,0.01,0.0,0.54,0.0,0.0,0.0,0.07,0.0,0.09,0.0,0.13,0.0,0.07
Paris,"La Salpêtrière, La Gare, La Maison-Blanche, Croulebarbe",0.05,0.06,0.0,0.0,0.72,0.0,0.0,0.0,0.04,0.0,0.03,0.0,0.03,0.0,0.07
Paris,"La Villette, Le Pont-de-Flandre, Amérique, Le Combat",0.06,0.13,0.0,0.01,0.59,0.0,0.0,0.0,0.06,0.0,0.1,0.0,0.01,0.0,0.04
Paris,"Le Bel-Air, Picpus, Bercy, Les Quinze-Vingts",0.05,0.09,0.02,0.0,0.55,0.0,0.0,0.0,0.07,0.0,0.08,0.0,0.09,0.0,0.05
Paris,"Le Montparnasse, 2, Le Petit-Montrouge, La Plaisance",0.07,0.04,0.0,0.0,0.72,0.0,0.0,0.0,0.06,0.0,0.01,0.0,0.01,0.0,0.09
Paris,"Les Arts-et-Métiers, Les Enfants-Rouges, Les Archives, Saint-Avoye",0.08,0.1,0.0,0.0,0.52,0.0,0.0,0.0,0.07,0.0,0.04,0.01,0.14,0.0,0.04
Paris,"Les Champs-Élysées, Le Faubourg-du-Roule, La Madeleine, L'Europe",0.07,0.09,0.01,0.0,0.45,0.0,0.0,0.0,0.06,0.0,0.03,0.0,0.05,0.0,0.24
Paris,"Les Grandes-Carrières, Clignancourt, La Goutte-d'Or, La Chapelle",0.06,0.09,0.0,0.01,0.69,0.0,0.0,0.0,0.03,0.0,0.09,0.0,0.02,0.0,0.01
Paris,"Les Ternes, La Plaine-Monceau, Batignolles, Les Épinettes",0.07,0.13,0.0,0.01,0.55,0.0,0.0,0.0,0.06,0.0,0.04,0.0,0.01,0.0,0.13
Paris,"Saint-Georges, La Chaussée-d'Antin, Le Faubourg-Montmartre, Rochechouart",0.05,0.17,0.0,0.0,0.58,0.0,0.0,0.0,0.05,0.0,0.04,0.0,0.03,0.0,0.08
Paris,"Saint-Germain-l'Auxerrois, Les Halles, Le Palais-Royal, La Place-Vendôme",0.12,0.06,0.01,0.02,0.43,0.0,0.0,0.0,0.02,0.0,0.19,0.0,0.11,0.0,0.04
Paris,"Saint-Lambert, Necker, Grenelle, Javel",0.0,0.04,0.0,0.0,0.75,0.0,0.0,0.0,0.04,0.0,0.03,0.0,0.03,0.0,0.11
Paris,"Saint-Merri, Saint-Gervais, L'Arsenal, Notre-Dame",0.02,0.05,0.0,0.03,0.54,0.0,0.0,0.0,0.03,0.0,0.18,0.0,0.12,0.0,0.03
Paris,"Saint-Thomas-d'Aquin, Les Invalides, L'École-Militaire, Le Gros-Caillou",0.11,0.02,0.0,0.01,0.53,0.0,0.0,0.0,0.03,0.0,0.22,0.0,0.01,0.0,0.07
Paris,"Saint-Victor, Le Jardin-des-Plantes, Le Val-de-Grâce, La Sorbonne",0.06,0.1,0.0,0.0,0.6,0.0,0.0,0.0,0.05,0.0,0.1,0.0,0.06,0.0,0.03
Paris,"Saint-Vincent-de-Paul, La Porte-Saint-Denis, La Porte-Saint-Martin, L'Hôpital-Saint-Louis",0.06,0.08,0.01,0.0,0.66,0.0,0.0,0.0,0.06,0.0,0.02,0.0,0.03,0.0,0.08
Quebec City,Albanel,0.4,0.0,0.0,0.0,0.0,0.0,0.0,0.0,0.2,0.0,0.0,0.0,0.4,0.0,0.0
Quebec City,Alma North,0.08,0.08,0.0,0.01,0.48,0.0,0.0,0.0,0.0,0.0,0.17,0.0,0.04,0.0,0.14
Quebec City,Alma Southeast,0.08,0.08,0.0,0.01,0.48,0.0,0.0,0.0,0.0,0.0,0.17,0.0,0.04,0.0,0.14
Quebec City,Alma Southwest,0.08,0.08,0.0,0.01,0.48,0.0,0.0,0.0,0.0,0.0,0.17,0.0,0.04,0.0,0.14
Quebec City,Amqui,0.08,0.08,0.0,0.01,0.48,0.0,0.0,0.0,0.0,0.0,0.17,0.0,0.04,0.0,0.14
Quebec City,Baie-Comeau Northeast,0.0,0.2,0.0,0.0,0.4,0.0,0.0,0.0,0.0,0.0,0.0,0.0,0.0,0.0,0.4
Quebec City,Baie-Comeau Southwest,0.0,0.2,0.0,0.0,0.4,0.0,0.0,0.0,0.0,0.0,0.0,0.0,0.0,0.0,0.4
Quebec City,Baie-Saint-Paul,0.04,0.0,0.04,0.0,0.56,0.0,0.0,0.0,0.04,0.0,0.0,0.0,0.04,0.0,0.28
Quebec City,Beauceville,0.0,0.0,0.2,0.0,0.4,0.0,0.0,0.0,0.4,0.0,0.0,0.0,0.0,0.0,0.0
Quebec City,"Beaulac-Garthby, Lac-Drolet, Milan, Val-Racine, Nantes, Marston, Piopolis, Sainte-Cécile-de-Whitton, Saint-Romain, Saint-Sébastien, Stornoway, Stratford, Saint-Augustin-de-Woburn",0.08,0.08,0.0,0.01,0.48,0.0,0.0,0.0,0.0,0.0,0.17,0.0,0.04,0.0,0.14
Quebec City,Beauport North,0.0,0.0,0.0,0.0,0.0,0.0,0.0,0.0,0.0,0.0,0.0,0.0,0.0,0.0,1.0
Quebec City,Beauport South,0.0,0.0,0.0,0.0,0.6470588235294118,0.0,0.0,0.0,0.11764705882352941,0.0,0.0,0.0,0.11764705882352941,0.0,0.11764705882352941
Quebec City,Bécancour,0.0,0.0,0.0,0.0,0.5,0.0,0.0,0.0,0.0,0.0,0.0,0.0,0.25,0.0,0.25
Quebec City,"Bégin, Saint-David-de-Falardeau, Saint-Charles-de-Bourget, Ferland-et-Boilleau, L'Anse-Saint-Jean, Saint-Honoré, Saint-Félix-d'Otis, Petit-Saguenay, Rivière-Éternité, Saint-Fulgence, Sainte-Rose-du-Nord",0.0,0.0,0.0,0.0,0.0,0.0,0.0,0.0,0.0,0.0,0.0,0.0,1.0,0.0,0.0
Quebec City,Cap-Rouge,0.0,0.0,0.0,0.0,0.2857142857142857,0.0,0.0,0.0,0.2857142857142857,0.0,0.14285714285714285,0.0,0.14285714285714285,0.0,0.14285714285714285
Quebec City,Central Beauport,0.0,0.0,0.0,0.0,0.5555555555555556,0.0,0.0,0.0,0.2222222222222222,0.0,0.1111111111111111,0.0,0.1111111111111111,0.0,0.0
Quebec City,Central Jonquière,0.0,0.0,0.0,0.0,0.0,0.0,0.0,0.0,0.0,0.0,0.0,0.0,1.0,0.0,0.0
Quebec City,Central and southeast,0.16,0.1,0.0,0.0,0.54,0.0,0.0,0.0,0.04,0.0,0.02,0.0,0.04,0.0,0.1
Quebec City,Charlesbourg  Orsainville,0.0,0.06666666666666667,0.0,0.0,0.6,0.0,0.0,0.0,0.06666666666666667,0.0,0.0,0.0,0.13333333333333333,0.0,0.13333333333333333
Quebec City,Chicoutimi West,0.0,0.0,0.0,0.0,0.0,0.0,0.0,0.0,0.0,0.0,0.0,0.0,1.0,0.0,0.0
Quebec City,Clermont,0.0,0.0,0.0,0.0,0.0,0.0,0.0,0.0,0.2,0.0,0.2,0.0,0.2,0.0,0.4
Quebec City,"Courcelles-Saint-Évariste, La Guadeloupe, Saint-Hilaire-de-Dorset, Lambton, Saint-Côme–Linière, Notre-Dame-des-Pins, Saint-Simon-les-Mines, Saint-Alfred, Sainte-Aurélie, Saint-Benjamin, Saint-Benoît-Labre, Lac-Poulin, Saint-Éphrem-de-Beauce, Courcelles-Saint-Évariste, Saint-Gédéon-de-Beauce, Saint-Honoré-de-Shenley, Saint-Ludger, Saint-Philibert, Saint-Prosper, Saint-René, Saint-Théophile, Saint-Victor, Saint-Zacharie, Saint-Robert-Bellarmin",0.3333333333333333,0.0,0.0,0.0,0.0,0.0,0.0,0.0,0.0,0.0,0.0,0.0,0.6666666666666666,0.0,0.0
Quebec City,Donnacona,0.0,0.0,0.0,0.0,0.5,0.0,0.0,0.0,0.0,0.0,0.0,0.0,0.5,0.0,0.0
Quebec City,Dégelis,0.08333333333333333,0.0,0.0,0.0,0.3333333333333333,0.0,0.0,0.0,0.08333333333333333,0.0,0.0,0.0,0.3333333333333333,0.0,0.16666666666666666
Quebec City,East Chicoutimi,0.0,0.0,0.0,0.0,0.0,0.0,0.0,0.0,0.0,0.0,0.0,0.0,1.0,0.0,0.0
Quebec City,"Fossambault-sur-le-Lac, Lac-Saint-Joseph",0.0,0.0,0.0,0.0,0.5,0.0,0.0,0.0,0.25,0.0,0.125,0.0,0.125,0.0,0.0
Quebec City,Frontenac,0.0,0.0,0.0,0.0,0.2857142857142857,0.0,0.0,0.0,0.14285714285714285,0.0,0.0,0.0,0.5714285714285714,0.0,0.0
Quebec City,Gaspé,0.08,0.08,0.0,0.01,0.48,0.0,0.0,0.0,0.0,0.0,0.17,0.0,0.04,0.0,0.14
Quebec City,Grand-Mère,0.1111111111111111,0.0,0.0,0.0,0.3333333333333333,0.0,0.0,0.0,0.2777777777777778,0.0,0.05555555555555555,0.0,0.16666666666666666,0.0,0.05555555555555555
Quebec City,Hébertville,0.0,0.0,0.16666666666666666,0.0,0.0,0.0,0.0,0.0,0.0,0.0,0.0,0.0,0.5,0.0,0.3333333333333333
Quebec City,Inner North,0.025,0.025,0.0,0.0,0.425,0.0,0.0,0.0,0.125,0.0,0.0,0.025,0.225,0.0,0.15
Quebec City,Irlande,0.0,0.25,0.0,0.0,0.5,0.0,0.0,0.0,0.25,0.0,0.0,0.0,0.0,0.0,0.0
Quebec City,L'Ancienne-Lorette,0.1,0.0,0.0,0.0,0.3,0.0,0.0,0.0,0.1,0.0,0.0,0.0,0.3,0.0,0.2
Quebec City,La Baie,0.0,0.0,0.0,0.0,0.0,0.0,0.0,0.0,0.0,0.0,0.0,0.0,1.0,0.0,0.0
Quebec City,La Bostonnais,0.0,0.0,0.0,0.0,0.5,0.0,0.0,0.0,0.25,0.0,0.0,0.0,0.25,0.0,0.0
Quebec City,La Doré,0.25,0.0,0.0,0.0,0.25,0.0,0.0,0.0,0.25,0.0,0.0,0.0,0.25,0.0,0.0
Quebec City,La Malbaie,0.0,0.0,0.0,0.0,0.6666666666666666,0.0,0.0,0.0,0.0,0.0,0.16666666666666666,0.0,0.0,0.0,0.16666666666666666
Quebec City,Lac-Beauport,0.0,0.0,0.0,0.0,0.5,0.0,0.0,0.0,0.0,0.0,0.0,0.0,0.0,0.0,0.5
Quebec City,Lac-Saint-Charles,0.0,0.0,0.0,0.0,0.0,0.0,0.0,0.0,0.0,0.0,0.0,0.0,0.0,0.0,1.0
Quebec City,Laterrière,0.0,0.0,0.0,0.0,0.0,0.0,0.0,0.0,0.0,0.0,0.0,0.0,1.0,0.0,0.0
Quebec City,Loretteville South,0.0,0.0,0.0,0.0,0.4666666666666667,0.0,0.0,0.0,0.13333333333333333,0.0,0.0,0.0,0.3333333333333333,0.0,0.06666666666666667
Quebec City,Lower Riverbank,0.07692307692307693,0.07692307692307693,0.0,0.0,0.38461538461538464,0.0,0.0,0.0,0.07692307692307693,0.0,0.07692307692307693,0.0,0.23076923076923078,0.0,0.07692307692307693
Quebec City,Lévis North,0.08,0.08,0.0,0.01,0.48,0.0,0.0,0.0,0.0,0.0,0.17,0.0,0.04,0.0,0.14
Quebec City,Lévis South,0.0,0.0,0.0,0.0,0.1111111111111111,0.0,0.0,0.0,0.0,0.0,0.2222222222222222,0.0,0.2222222222222222,0.0,0.4444444444444444
Quebec City,"Maliotenam, Uashat",0.0,0.0,0.0,0.0,0.6363636363636364,0.0,0.0,0.0,0.09090909090909091,0.0,0.0,0.09090909090909091,0.0,0.0,0.18181818181818182
Quebec City,Matane,0.08,0.08,0.0,0.01,0.48,0.0,0.0,0.0,0.0,0.0,0.17,0.0,0.04,0.0,0.14
Quebec City,Montmagny,0.08333333333333333,0.0,0.0,0.0,0.4166666666666667,0.0,0.0,0.0,0.25,0.0,0.0,0.0,0.08333333333333333,0.0,0.16666666666666666
Quebec City,Métabetchouan–Lac-à-la-Croix,0.0,0.0,0.0,0.0,0.5,0.0,0.0,0.0,0.0,0.0,0.16666666666666666,0.0,0.16666666666666666,0.0,0.16666666666666666
Quebec City,"New Richmond, Bonaventure, Percé, Caplan, Carleton-sur-Mer, Chandler, Pointe-à-la-Croix, Escuminac, Port-Daniel–Gascons, Cascapédia–Saint-Jules, Grande-Rivière, Grande-Rivière, Pointe-à-la-Croix, Maria, Gesgapegiag, New Carlisle, Chandler, New Richmond, Nouvelle, Nouvelle, Chandler, Chandler, Paspébiac, Hope, Percé, Escuminac, Port-Daniel–Gascons, Listuguj, Saint-Alphonse, Saint-Elzéar, Percé, Hope, Carleton-sur-Mer, Saint-Siméon, Sainte-Thérèse-de-Gaspé, Saint-Godefroi, Hope Town, Shigawake, Percé",0.08,0.08,0.0,0.01,0.48,0.0,0.0,0.0,0.0,0.0,0.17,0.0,0.04,0.0,0.14
Quebec City,North Central North,0.11764705882352941,0.0,0.029411764705882353,0.0,0.3235294117647059,0.0,0.0,0.0,0.17647058823529413,0.0,0.058823529411764705,0.0,0.23529411764705882,0.0,0.058823529411764705
Quebec City,North Chicoutimi,0.0,0.0,0.0,0.0,0.0,0.0,0.0,0.0,0.0,0.0,0.0,0.0,1.0,0.0,0.0
Quebec City,Northeast Jonquière,0.0,0.0,0.0,0.0,0.0,0.0,0.0,0.0,0.0,0.0,0.0,0.0,1.0,0.0,0.0
Quebec City,Northeast Sainte-Foy,0.058823529411764705,0.0392156862745098,0.0,0.0,0.6274509803921569,0.0,0.0,0.0,0.058823529411764705,0.0,0.0,0.0,0.17647058823529413,0.0,0.0392156862745098
Quebec City,Northwest Jonquière,0.0,0.0,0.0,0.0,0.0,0.0,0.0,0.0,0.0,0.0,0.0,0.0,1.0,0.0,0.0
Quebec City,"Notre-Dame-de-Lorette, Mistissini, Sainte-Jeanne-d'Arc, Chambord, Chapais, Saint-Augustin, Saint-François-de-Sales, Desbiens, Saint-Thomas-Didyme, Girardville, Hébertville-Station, Lac-Bouchette, Lamarche, L'Ascension-de-Notre-Seigneur, Larouche, Saint-Ludger-de-Milot, Péribonka, Mashteuiatsh, Saint-André-du-Lac-Saint-Jean, Saint-Bruno, Saint-Edmond-les-Plaines, Saint-Gédéon, Sainte-Hedwidge, Labrecque, Sainte-Monique, Saint-Nazaire, Saint-Henri-de-Taillon, Obedjiwan, Oujé-Bougoumou",0.5,0.0,0.0,0.0,0.5,0.0,0.0,0.0,0.0,0.0,0.0,0.0,0.0,0.0,0.0
Quebec City,Notre-Dame-des-Anges,0.07407407407407407,0.12962962962962962,0.0,0.0,0.46296296296296297,0.0,0.0,0.0,0.07407407407407407,0.0,0.09259259259259259,0.0,0.07407407407407407,0.0,0.09259259259259259
Quebec City,Outer North,0.0,0.2,0.0,0.0,0.2,0.0,0.0,0.0,0.0,0.0,0.2,0.0,0.2,0.0,0.2
Quebec City,Port-Cartier,0.0,0.0,0.0,0.0,0.2,0.0,0.0,0.0,0.0,0.0,0.0,0.0,0.8,0.0,0.0
Quebec City,Princeville,0.0,0.0,0.0,0.0,0.42857142857142855,0.0,0.0,0.0,0.2857142857142857,0.0,0.0,0.0,0.14285714285714285,0.0,0.14285714285714285
Quebec City,Quebec City Northeast North,0.0,0.0,0.0,0.0,0.16666666666666666,0.0,0.0,0.0,0.0,0.0,0.16666666666666666,0.0,0.3333333333333333,0.0,0.3333333333333333
Quebec City,Quebec City Northeast South,0.1111111111111111,0.0,0.05555555555555555,0.0,0.2777777777777778,0.0,0.0,0.0,0.2222222222222222,0.0,0.1111111111111111,0.0,0.16666666666666666,0.0,0.05555555555555555
Quebec City,Quebec City Northwest,0.0,0.0,0.0,0.0,0.4,0.2,0.0,0.0,0.0,0.0,0.4,0.0,0.0,0.0,0.0
Quebec City,Quebec City South,0.0,0.0,0.0,0.0,0.47058823529411764,0.0,0.0,0.0,0.11764705882352941,0.0,0.17647058823529413,0.0,0.17647058823529413,0.0,0.058823529411764705
Quebec City,Quebec City West North,0.0,0.0,0.0,0.0,0.375,0.0,0.0,0.0,0.375,0.0,0.0,0.0,0.125,0.0,0.125
Quebec City,Quebec City West South,0.19047619047619047,0.047619047619047616,0.0,0.0,0.5714285714285714,0.0,0.0,0.0,0.09523809523809523,0.0,0.0,0.0,0.09523809523809523,0.0,0.0
Quebec City,Quebec Provincial Government,0.08,0.09,0.0,0.02,0.46,0.0,0.0,0.0,0.01,0.0,0.19,0.0,0.03,0.0,0.12
Quebec City,Rimouski Central,0.02857142857142857,0.08571428571428572,0.0,0.0,0.6571428571428571,0.0,0.0,0.0,0.02857142857142857,0.0,0.0,0.0,0.08571428571428572,0.02857142857142857,0.08571428571428572
Quebec City,Rimouski Northeast,0.02857142857142857,0.08571428571428572,0.0,0.0,0.6571428571428571,0.0,0.0,0.0,0.02857142857142857,0.0,0.0,0.0,0.08571428571428572,0.02857142857142857,0.08571428571428572
Quebec City,Rimouski Southwest,0.02857142857142857,0.08571428571428572,0.0,0.0,0.6571428571428571,0.0,0.0,0.0,0.02857142857142857,0.0,0.0,0.0,0.08571428571428572,0.02857142857142857,0.08571428571428572
Quebec City,Rivière-du-Loup,0.0,0.0,0.0,0.0,0.2608695652173913,0.0,0.0,0.0,0.21739130434782608,0.0,0.0,0.043478260869565216,0.21739130434782608,0.0,0.2608695652173913
Quebec City,Roberval,0.0,0.0,0.0,0.0,0.25,0.0,0.0,0.0,0.0,0.0,0.25,0.0,0.0,0.0,0.5
Quebec City,Saint-Ambroise,0.0,0.0,0.2,0.0,0.2,0.0,0.0,0.0,0.4,0.0,0.2,0.0,0.0,0.0,0.0
Quebec City,Saint-Christophe-d'Arthabaska,0.0,0.1,0.0,0.0,0.7,0.0,0.0,0.0,0.2,0.0,0.0,0.0,0.0,0.0,0.0
Quebec City,"Saint-Cyprien, Beaumont, Berthier-sur-Mer, Notre-Dame-Auxiliatrice-de-Buckland, Cap-Saint-Ignace, Saint-Luc-de-Bellechasse, Frampton, Honfleur, Saint-Antoine-de-l'Isle-aux-Grues, Lac-Etchemin, Lac-Frontière, La Durantaye, L'Islet, Sainte-Justine, La Pocatière, Sainte-Anne-de-la-Pocatière, L'Islet, L'Islet, Notre-Dame-du-Rosaire, Saint-Fabien-de-Panet, Saint-Louis-de-Gonzague, Saint-Adalbert, Saint-Anselme, Sainte-Apolline-de-Patton, Saint-Aubert, Saint-Camille-de-Lellis, Saint-Charles-de-Bellechasse, Sainte-Claire, Saint-Cyrille-de-Lessard, Saint-Damase-de-L'Islet, Saint-Damien-de-Buckland, Sainte-Euphémie-sur-Rivière-du-Sud, Saint-François-de-la-Rivière-du-Sud, Saint-Gervais, Saint-Henri, Saint-Jean-Port-Joli, Saint-Just-de-Bretenières, Saint-Lazare-de-Bellechasse, Sainte-Louise, Sainte-Lucie-de-Beauregard, Saint-Magloire, Saint-Malachie, Saint-Marcel, Saint-Michel-de-Bellechasse, Saint-Nazaire-de-Dorchester, Saint-Nérée-de-Bellechasse, Saint-Onésime-d'Ixworth, Saint-Pamphile, Saint-Paul-de-Montminy, Sainte-Perpétue, Saint-Philémon, Saint-Pierre-de-la-Rivière-du-Sud, Saint-Raphaël, Saint-Roch-des-Aulnaies, Sainte-Rose-de-Watford, Sainte-Sabine, Saint-Vallier, Saint-Léon-de-Standon, Tourville, Sainte-Felicité, Saint-Omer",0.0,0.0,0.0,0.0,1.0,0.0,0.0,0.0,0.0,0.0,0.0,0.0,0.0,0.0,0.0
Quebec City,Saint-Félicien,0.0,0.0,0.0,0.0,0.5,0.0,0.0,0.0,0.3333333333333333,0.0,0.0,0.0,0.0,0.0,0.16666666666666666
Quebec City,Saint-Georges Central,0.18181818181818182,0.0,0.0,0.0,0.5454545454545454,0.0,0.0,0.0,0.09090909090909091,0.0,0.0,0.0,0.09090909090909091,0.0,0.09090909090909091
Quebec City,Saint-Georges Northwest,0.18181818181818182,0.0,0.0,0.0,0.5454545454545454,0.0,0.0,0.0,0.09090909090909091,0.0,0.0,0.0,0.09090909090909091,0.0,0.09090909090909091
Quebec City,Saint-Georges Southeast,0.18181818181818182,0.0,0.0,0.0,0.5454545454545454,0.0,0.0,0.0,0.09090909090909091,0.0,0.0,0.0,0.09090909090909091,0.0,0.09090909090909091
Quebec City,Saint-Jean-de-Brébeuf,0.0,0.25,0.0,0.0,0.5,0.0,0.0,0.0,0.25,0.0,0.0,0.0,0.0,0.0,0.0
Quebec City,Saint-Joseph-de-Lepage,0.0,0.0,0.0,0.0,0.3333333333333333,0.0,0.0,0.0,0.3333333333333333,0.0,0.0,0.0,0.0,0.0,0.3333333333333333
Quebec City,"Saint-Julien, Sainte-Clotilde-de-Beauce, Disraeli, Sainte-Praxède, Saint-Jacques-le-Majeur-de-Wolfestown, Sacré-Cœur-de-Jésus, East Broughton, Saint-Jacques-de-Leeds, Kinnear's Mills, Saint-Adrien-d'Irlande, Saint-Ferdinand, Saint-Frédéric, Saint-Jules, Adstock, Saint-Pierre-de-Broughton, Saint-Séverin, Tring-Jonction",0.0,0.0,0.2,0.0,0.2,0.0,0.0,0.0,0.0,0.0,0.2,0.0,0.4,0.0,0.0
Quebec City,"Saint-Louis-de-Blandford, Daveluyville, Maddington Falls, Sainte-Eulalie, Saint-Samuel, Saint-Sylvère, Saint-Wenceslas, Saint-Rosaire",0.0,0.0,0.0,0.0,0.0,0.0,0.0,0.0,0.5,0.0,0.0,0.0,0.0,0.0,0.5
Quebec City,Saint-Louis-de-Gonzague-du-Cap-Tourmente,0.08,0.08,0.0,0.01,0.49,0.0,0.0,0.0,0.01,0.0,0.18,0.0,0.04,0.0,0.11
Quebec City,Saint-Raymond,0.16666666666666666,0.0,0.0,0.0,0.5,0.0,0.0,0.0,0.16666666666666666,0.0,0.0,0.0,0.16666666666666666,0.0,0.0
Quebec City,Saint-Stanislas,0.0,0.0,0.0,0.0,0.25,0.0,0.0,0.0,0.25,0.0,0.0,0.0,0.5,0.0,0.0
Quebec City,Saint-Émile,0.0,0.0,0.0,0.0,0.3333333333333333,0.0,0.0,0.0,0.3333333333333333,0.0,0.0,0.0,0.16666666666666666,0.0,0.16666666666666666
Quebec City,Sainte-Anne-des-Monts,0.1,0.1,0.1,0.0,0.1,0.0,0.0,0.0,0.0,0.0,0.1,0.0,0.1,0.0,0.4
Quebec City,Sainte-Marie,0.125,0.125,0.0,0.0,0.125,0.0,0.0,0.0,0.0,0.0,0.0,0.0,0.625,0.0,0.0
Quebec City,Sept-Îles Northwest,0.0,0.0,0.0,0.0,0.6363636363636364,0.0,0.0,0.0,0.09090909090909091,0.0,0.0,0.09090909090909091,0.0,0.0,0.18181818181818182
Quebec City,Shannon,0.0,0.0,0.0,0.0,0.75,0.0,0.0,0.0,0.0,0.0,0.0,0.0,0.25,0.0,0.0
Quebec City,Shawinigan Central,0.1111111111111111,0.0,0.0,0.0,0.3333333333333333,0.0,0.0,0.0,0.2777777777777778,0.0,0.05555555555555555,0.0,0.16666666666666666,0.0,0.05555555555555555
Quebec City,Shawinigan Northwest,0.1111111111111111,0.0,0.0,0.0,0.3333333333333333,0.0,0.0,0.0,0.2777777777777778,0.0,0.05555555555555555,0.0,0.16666666666666666,0.0,0.05555555555555555
Quebec City,Shawinigan Southeast,0.1111111111111111,0.0,0.0,0.0,0.3333333333333333,0.0,0.0,0.0,0.2777777777777778,0.0,0.05555555555555555,0.0,0.16666666666666666,0.0,0.05555555555555555
Quebec City,South Central,0.1111111111111111,0.0,0.0,0.0,0.3333333333333333,0.0,0.0,0.0,0.05555555555555555,0.0,0.0,0.05555555555555555,0.3333333333333333,0.0,0.1111111111111111
Quebec City,South Charlesbourg,0.0,0.1111111111111111,0.0,0.0,0.6666666666666666,0.0,0.0,0.0,0.0,0.0,0.0,0.0,0.1111111111111111,0.0,0.1111111111111111
Quebec City,South Val-Bélair,0.0,0.0,0.0,0.0,0.0,0.0,0.0,0.0,0.0,0.0,0.0,0.0,1.0,0.0,0.0
Quebec City,Southeast Jonquière,0.0,0.0,0.0,0.0,0.0,0.0,0.0,0.0,0.0,0.0,0.0,0.0,1.0,0.0,0.0
Quebec City,Southeast Sainte-Foy,0.058823529411764705,0.0,0.0,0.0,0.4117647058823529,0.0,0.0,0.0,0.0,0.0,0.0,0.0,0.0,0.0,0.5294117647058824
Quebec City,Southwest Chicoutimi,0.0,0.0,0.0,0.0,0.0,0.0,0.0,0.0,0.0,0.0,0.0,0.0,1.0,0.0,0.0
Quebec City,Southwest Jonquière,0.0,0.0,0.0,0.0,0.0,0.0,0.0,0.0,0.0,0.0,0.0,0.0,1.0,0.0,0.0
Quebec City,Trois-Rivières Central,0.16,0.1,0.0,0.0,0.54,0.0,0.0,0.0,0.04,0.0,0.02,0.0,0.04,0.0,0.1
Quebec City,Trois-Rivières East,0.16,0.1,0.0,0.0,0.54,0.0,0.0,0.0,0.04,0.0,0.02,0.0,0.04,0.0,0.1
Quebec City,Trois-Rivières Northeast North,0.16,0.1,0.0,0.0,0.54,0.0,0.0,0.0,0.04,0.0,0.02,0.0,0.04,0.0,0.1
Quebec City,Trois-Rivières South,0.16,0.1,0.0,0.0,0.54,0.0,0.0,0.0,0.04,0.0,0.02,0.0,0.04,0.0,0.1
Quebec City,Trois-Rivières West North,0.16,0.1,0.0,0.0,0.54,0.0,0.0,0.0,0.04,0.0,0.02,0.0,0.04,0.0,0.1
Quebec City,Upper Riverbank,0.0,0.09090909090909091,0.0,0.0,0.2727272727272727,0.09090909090909091,0.0,0.0,0.2727272727272727,0.0,0.18181818181818182,0.0,0.09090909090909091,0.0,0.0
Quebec City,Victoriaville Central,0.0,0.1,0.0,0.0,0.7,0.0,0.0,0.0,0.2,0.0,0.0,0.0,0.0,0.0,0.0
Quebec City,Victoriaville East,0.0,0.1,0.0,0.0,0.7,0.0,0.0,0.0,0.2,0.0,0.0,0.0,0.0,0.0,0.0
Quebec City,Victoriaville Northwest,0.0,0.1,0.0,0.0,0.7,0.0,0.0,0.0,0.2,0.0,0.0,0.0,0.0,0.0,0.0
Quebec City,West Jonquière,0.0,0.0,0.0,0.0,0.0,0.0,0.0,0.0,0.0,0.0,0.0,0.0,1.0,0.0,0.0
Quebec City,West Sainte-Foy,0.0,0.0,0.0,0.0,0.0,0.0,0.0,0.0,0.2,0.0,0.0,0.0,0.4,0.0,0.4
Quebec City,"Wôlinak, Champlain, Charette, Grandes-Piles, Hérouxville, Shawinigan, Lac-aux-Sables, Saint-Mathieu-du-Parc, La Tuque, Lemieux, Manseau, Notre-Dame-de-Montauban, Saint-Séverin, Trois-Rives, Saint-Roch-de-Mékinac, Saint-Adelphe, Sainte-Anne-de-la-Pérade, Saint-Barnabé, Saint-Boniface, Sainte-Cécile-de-Lévrard, Saint-Élie-de-Caxton, Saint-Étienne-des-Grès, Sainte-Geneviève-de-Batiscan, Shawinigan, Sainte-Marie-de-Blandford, Saint-Maurice, Saint-Narcisse, Saint-Pierre-les-Becquets, Saint-Prosper-de-Champlain, Saint-Sévère, Sainte-Sophie-de-Lévrard, Saint-Stanislas, Sainte-Thècle, Saint-Tite, Notre-Dame-du-Mont-Carmel, Saint-Luc-de-Vincennes, Yamachiche, La Tuque, Lac-Édouard, La Tuque, Wemotaci",0.06,0.07,0.0,0.0,0.48,0.0,0.0,0.0,0.0,0.0,0.17,0.0,0.05,0.0,0.17
Toronto,Agincourt,0.02564102564102564,0.0,0.0,0.0,0.7948717948717948,0.0,0.0,0.0,0.02564102564102564,0.0,0.0,0.0,0.10256410256410256,0.0,0.05128205128205128
Toronto,"Alderwood, Long Branch",0.0,0.10344827586206896,0.0,0.0,0.5172413793103449,0.0,0.0,0.0,0.10344827586206896,0.0,0.034482758620689655,0.0,0.1724137931034483,0.0,0.06896551724137931
Toronto,"Bathurst Manor, Wilson Heights, Downsview",0.0,0.0,0.0,0.0,0.6086956521739131,0.0,0.0,0.0,0.043478260869565216,0.0,0.17391304347826086,0.0,0.13043478260869565,0.0,0.043478260869565216
Toronto,Bay Street,0.12,0.03,0.02,0.03,0.53,0.01,0.0,0.0,0.0,0.0,0.06,0.0,0.17,0.0,0.03
Toronto,Bayview Village,0.0,0.0,0.02040816326530612,0.0,0.5306122448979592,0.0,0.0,0.0,0.061224489795918366,0.0,0.061224489795918366,0.02040816326530612,0.20408163265306123,0.0,0.10204081632653061
Toronto,"Bedford Park, Lawrence Manor",0.0,0.02702702702702703,0.0,0.0,0.5945945945945946,0.0,0.0,0.0,0.10810810810810811,0.0,0.02702702702702703,0.0,0.16216216216216217,0.0,0.08108108108108109
Toronto,Berczy Park,0.08,0.07,0.02,0.01,0.48,0.0,0.0,0.0,0.08,0.0,0.09,0.0,0.1,0.0,0.07
Toronto,"Birch Cliff, Cliffside",0.15384615384615385,0.0,0.0,0.0,0.46153846153846156,0.0,0.0,0.0,0.0,0.0,0.3076923076923077,0.0,0.07692307692307693,0.0,0.0
Toronto,"CN Tower, King and Spadina, Railway Lands, Harbourfront, South Niagara, Island airport",0.08,0.07,0.05,0.0,0.59,0.0,0.0,0.0,0.01,0.0,0.05,0.0,0.1,0.01,0.04
Toronto,Caledonia-Fairbanks,0.0,0.03571428571428571,0.0,0.0,0.4642857142857143,0.0,0.0,0.0,0.07142857142857142,0.0,0.10714285714285714,0.0,0.17857142857142858,0.0,0.14285714285714285
Toronto,Canada Post Gateway Processing Centre Enclave of L4W,0.06,0.02,0.02,0.02,0.63,0.01,0.0,0.0,0.0,0.0,0.06,0.0,0.14,0.0,0.04
Toronto,Cedarbrae,0.0,0.0,0.0,0.0,0.7368421052631579,0.0,0.0,0.0,0.0,0.0,0.05263157894736842,0.0,0.05263157894736842,0.05263157894736842,0.10526315789473684
Toronto,Central Toronto Davisville,0.01,0.03,0.0,0.01,0.81,0.0,0.0,0.0,0.04,0.0,0.01,0.01,0.05,0.0,0.03
Toronto,Central Toronto DavisvilleNorth,0.04,0.04,0.01,0.0,0.68,0.0,0.0,0.0,0.06,0.0,0.03,0.0,0.13,0.0,0.01
Toronto,Central Toronto Forest HillNorth & West,0.02,0.07,0.0,0.0,0.64,0.0,0.0,0.0,0.05,0.0,0.07,0.01,0.1,0.0,0.04
Toronto,Central Toronto Lawrence Park,0.0,0.0,0.0,0.0,0.4,0.2,0.0,0.0,0.0,0.0,0.4,0.0,0.0,0.0,0.0
Toronto,Central Toronto North TorontoWest,0.029850746268656716,0.05970149253731343,0.029850746268656716,0.014925373134328358,0.5671641791044776,0.0,0.0,0.0,0.029850746268656716,0.0,0.05970149253731343,0.0,0.19402985074626866,0.0,0.014925373134328358
Toronto,Central Toronto Roselawn,0.0,0.0,0.0,0.0,0.75,0.0,0.0,0.0,0.05,0.0,0.1,0.0,0.1,0.0,0.0
Toronto,Christie,0.06,0.05,0.0,0.0,0.68,0.01,0.0,0.0,0.08,0.0,0.04,0.01,0.07,0.0,0.0
Toronto,Church and Wellesley,0.03,0.05,0.03,0.0,0.59,0.01,0.0,0.0,0.05,0.0,0.05,0.0,0.17,0.0,0.02
Toronto,"Clairville, Humberwood, Woodbine Downs, Rexdale, Elms",0.0,0.09090909090909091,0.0,0.0,0.18181818181818182,0.0,0.0,0.0,0.0,0.0,0.0,0.0,0.09090909090909091,0.0,0.6363636363636364
Toronto,"Cliffside, Cliffcrest, Scarborough Village",0.0,0.0,0.0,0.0,0.5294117647058824,0.0,0.0,0.0,0.0,0.0,0.17647058823529413,0.0,0.11764705882352941,0.0,0.17647058823529413
Toronto,"Commerce Court, Victoria Hotel",0.07,0.08,0.01,0.01,0.56,0.0,0.0,0.0,0.04,0.0,0.07,0.0,0.05,0.0,0.11
Toronto,Don Mills,0.0,0.0,0.0,0.0,0.5862068965517241,0.0,0.0,0.0,0.06896551724137931,0.0,0.06896551724137931,0.0,0.20689655172413793,0.0,0.06896551724137931
Toronto,"Don Mills, Flemingdon Park",0.23529411764705882,0.0,0.0,0.0,0.35294117647058826,0.0,0.0,0.0,0.11764705882352941,0.0,0.058823529411764705,0.029411764705882353,0.11764705882352941,0.0,0.08823529411764706
Toronto,"Dorset Park, Wexford Heights, Scarborough Town Centre",0.0,0.0,0.0,0.0,0.6521739130434783,0.0,0.0,0.0,0.0,0.0,0.08695652173913043,0.0,0.21739130434782608,0.0,0.043478260869565216
Toronto,Dovercourt Village,0.04,0.13,0.0,0.0,0.55,0.0,0.0,0.0,0.08,0.0,0.03,0.0,0.17,0.0,0.0
Toronto,Downsview Center,0.0,0.0,0.0,0.0,0.2222222222222222,0.0,0.0,0.0,0.0,0.0,0.4444444444444444,0.0,0.1111111111111111,0.0,0.2222222222222222
Toronto,Downsview North,0.0,0.0,0.0,0.0,0.5185185185185185,0.0,0.0,0.0,0.14814814814814814,0.0,0.037037037037037035,0.0,0.07407407407407407,0.0,0.2222222222222222
Toronto,Downsview South,0.0,0.0,0.0,0.0,0.75,0.0,0.0,0.0,0.0,0.0,0.0,0.0,0.0,0.0,0.25
Toronto,"Downsview, CFB Toronto",0.21428571428571427,0.0,0.0,0.0,0.42857142857142855,0.0,0.0,0.0,0.07142857142857142,0.0,0.21428571428571427,0.0,0.0,0.0,0.07142857142857142
Toronto,East Toronto Studio District,0.02127659574468085,0.05319148936170213,0.0,0.0,0.5638297872340425,0.0,0.0,0.0,0.0851063829787234,0.0,0.06382978723404255,0.010638297872340425,0.20212765957446807,0.0,0.0
Toronto,East Toronto The Beaches,0.014925373134328358,0.11940298507462686,0.0,0.0,0.5671641791044776,0.0,0.0,0.0,0.07462686567164178,0.0,0.05970149253731343,0.0,0.14925373134328357,0.0,0.014925373134328358
Toronto,East TorontoBusiness reply mailProcessing Centre969 Eastern Enclave of M4L,0.03389830508474576,0.03389830508474576,0.0,0.0,0.6271186440677966,0.0,0.0,0.0,0.1016949152542373,0.0,0.06779661016949153,0.0,0.13559322033898305,0.0,0.0
Toronto,"First Canadian Place, Underground city",0.1,0.09,0.03,0.01,0.52,0.0,0.0,0.0,0.01,0.0,0.09,0.0,0.06,0.0,0.09
Toronto,"Garden District, Ryerson",0.07,0.03,0.02,0.01,0.56,0.0,0.0,0.01,0.01,0.0,0.1,0.0,0.16,0.0,0.03
Toronto,Glencairn,0.0,0.023255813953488372,0.023255813953488372,0.0,0.46511627906976744,0.0,0.0,0.0,0.09302325581395349,0.0,0.06976744186046512,0.0,0.18604651162790697,0.0,0.13953488372093023
Toronto,"Golden Mile, Clairlea, Oakridge",0.05,0.05,0.0,0.0,0.4,0.0,0.0,0.0,0.05,0.0,0.05,0.0,0.0,0.05,0.35
Toronto,"Guildwood, Morningside, West Hill",0.0,0.0,0.041666666666666664,0.0,0.5833333333333334,0.0,0.0,0.0,0.16666666666666666,0.0,0.041666666666666664,0.0,0.125,0.0,0.041666666666666664
Toronto,"Harbourfront, Union Station, Toronto Islands",0.14705882352941177,0.058823529411764705,0.0,0.0,0.29411764705882354,0.0,0.0,0.0,0.0,0.0,0.38235294117647056,0.0,0.0,0.0,0.11764705882352941
Toronto,Henry Farm,0.03636363636363636,0.05454545454545454,0.01818181818181818,0.0,0.41818181818181815,0.0,0.0,0.0,0.07272727272727272,0.0,0.03636363636363636,0.0,0.32727272727272727,0.0,0.03636363636363636
Toronto,Hillcrest Village,0.0,0.0,0.0,0.04,0.52,0.0,0.0,0.0,0.08,0.0,0.12,0.0,0.2,0.0,0.04
Toronto,Humber Summit,0.25,0.0,0.0,0.0,0.5,0.0,0.0,0.0,0.0,0.0,0.0,0.0,0.0,0.0,0.25
Toronto,"Humberlea, Emery",0.0,0.0,0.0,0.0,0.5714285714285714,0.0,0.0,0.0,0.14285714285714285,0.0,0.0,0.0,0.14285714285714285,0.0,0.14285714285714285
Toronto,Humewood-Cedarvale,0.029411764705882353,0.029411764705882353,0.0,0.0,0.6764705882352942,0.0,0.0,0.0,0.058823529411764705,0.0,0.14705882352941177,0.0,0.029411764705882353,0.0,0.029411764705882353
Toronto,"Kennedy Park, Ionview, Birchmount Park",0.03571428571428571,0.0,0.03571428571428571,0.0,0.4642857142857143,0.0,0.0,0.0,0.0,0.0,0.0,0.0,0.32142857142857145,0.0,0.14285714285714285
Toronto,"Kensington Market, Chinatown, Grange Park",0.08,0.08,0.0,0.0,0.63,0.01,0.0,0.0,0.09,0.0,0.01,0.0,0.1,0.0,0.0
Toronto,Kingsview Village,0.0,0.0,0.0,0.0,0.4090909090909091,0.0,0.0,0.0,0.09090909090909091,0.0,0.09090909090909091,0.0,0.22727272727272727,0.0,0.18181818181818182
Toronto,Leaside,0.0,0.030927835051546393,0.010309278350515464,0.0,0.5567010309278351,0.0,0.0,0.0,0.10309278350515463,0.0,0.0,0.010309278350515464,0.23711340206185566,0.0,0.05154639175257732
Toronto,"Malvern, Rouge",0.2222222222222222,0.0,0.1111111111111111,0.0,0.2222222222222222,0.0,0.0,0.0,0.0,0.0,0.2222222222222222,0.0,0.0,0.0,0.2222222222222222
Toronto,Maple Leaf Park,0.0,0.0,0.0,0.0,0.4444444444444444,0.0,0.0,0.0,0.0,0.0,0.1111111111111111,0.0,0.1111111111111111,0.0,0.3333333333333333
Toronto,Markland Wood,0.09090909090909091,0.0,0.0,0.0,0.2727272727272727,0.0,0.0,0.0,0.18181818181818182,0.0,0.09090909090909091,0.0,0.2727272727272727,0.0,0.09090909090909091
Toronto,"Milliken, Agincourt North, Steeles, L'Amoreaux",0.0,0.0,0.0,0.0,0.3684210526315789,0.0,0.0,0.0,0.0,0.0,0.2631578947368421,0.0,0.3157894736842105,0.0,0.05263157894736842
Toronto,"Mimico, The Queensway",0.02702702702702703,0.0,0.0,0.02702702702702703,0.5405405405405406,0.0,0.0,0.0,0.13513513513513514,0.0,0.0,0.0,0.21621621621621623,0.0,0.05405405405405406
Toronto,"Mount Dennis, Keelsdale and Silverthorn",0.0,0.0,0.0,0.0,0.4166666666666667,0.0,0.0,0.0,0.08333333333333333,0.0,0.16666666666666666,0.0,0.0,0.0,0.3333333333333333
Toronto,"New Toronto, Mimico",0.0,0.05,0.0,0.0,0.65,0.0,0.0,0.0,0.15,0.0,0.1,0.0,0.0,0.0,0.05
Toronto,Newtonbrook,0.0,0.025,0.0,0.0,0.75,0.0,0.0,0.0,0.075,0.0,0.075,0.0,0.05,0.0,0.025
Toronto,"North Midtown, Yorkville",0.09,0.05,0.02,0.01,0.53,0.03,0.0,0.0,0.02,0.0,0.04,0.01,0.16,0.0,0.04
Toronto,"Northwood Park, York University",0.0,0.045454545454545456,0.0,0.0,0.45454545454545453,0.0,0.0,0.0,0.0,0.0,0.045454545454545456,0.0,0.2727272727272727,0.0,0.18181818181818182
Toronto,"Old Mill, Sunnylea, Humber Bay, Mimico, The Queensway",0.0,0.0,0.0,0.0,0.6956521739130435,0.0,0.0,0.0,0.043478260869565216,0.0,0.08695652173913043,0.0,0.08695652173913043,0.0,0.08695652173913043
Toronto,"Parkdale Village, Exhibition Place",0.11,0.14,0.02,0.0,0.49,0.0,0.01,0.0,0.03,0.0,0.05,0.0,0.13,0.01,0.01
Toronto,"Parkview Hill, Woodbine Gardens",0.07142857142857142,0.07142857142857142,0.0,0.0,0.6428571428571429,0.0,0.0,0.0,0.0,0.0,0.07142857142857142,0.07142857142857142,0.07142857142857142,0.0,0.0
Toronto,"Rathnelly, South Hill, Forest Hill, Deer Park",0.04285714285714286,0.014285714285714285,0.05714285714285714,0.0,0.6714285714285714,0.0,0.0,0.0,0.05714285714285714,0.014285714285714285,0.05714285714285714,0.0,0.02857142857142857,0.0,0.05714285714285714
Toronto,"Richmond, King",0.09,0.08,0.02,0.02,0.5,0.01,0.0,0.0,0.0,0.0,0.07,0.0,0.13,0.0,0.08
Toronto,Riverdale,0.01,0.07,0.01,0.0,0.7,0.0,0.0,0.0,0.04,0.0,0.06,0.0,0.1,0.01,0.0
Toronto,Roncesvalles,0.07608695652173914,0.05434782608695652,0.0,0.0,0.5217391304347826,0.0,0.0,0.0,0.10869565217391304,0.0,0.07608695652173914,0.0,0.11956521739130435,0.0,0.043478260869565216
Toronto,Rosedale,0.0,0.0,0.0,0.0,0.4,0.0,0.0,0.0,0.2,0.0,0.25,0.0,0.1,0.0,0.05
Toronto,"Rouge Hill, Port Union, Highland Creek",0.0,0.3333333333333333,0.0,0.0,0.0,0.0,0.0,0.0,0.0,0.0,0.3333333333333333,0.0,0.0,0.0,0.3333333333333333
Toronto,"Runnymede, The Junction",0.0,0.0,0.0,0.0,0.53125,0.0,0.0,0.0,0.09375,0.0,0.0625,0.0,0.15625,0.0,0.15625
Toronto,"South Steeles, Silverstone, Jamestown, Mount Olive, Beaumond Heights, Thistletown",0.0625,0.0,0.0,0.0,0.5625,0.0,0.0,0.0,0.1875,0.0,0.0,0.0,0.0625,0.0,0.125
Toronto,St. James Town,0.09,0.06,0.03,0.02,0.48,0.0,0.0,0.0,0.05,0.0,0.08,0.0,0.14,0.0,0.05
Toronto,"St. James Town, Cabbagetown",0.05555555555555555,0.037037037037037035,0.0,0.0,0.5925925925925926,0.0,0.0,0.0,0.07407407407407407,0.0,0.12962962962962962,0.0,0.1111111111111111,0.0,0.0
Toronto,"Steeles, L'Amoreaux",0.0,0.0,0.0,0.0,0.5789473684210527,0.0,0.0,0.0,0.10526315789473684,0.0,0.05263157894736842,0.0,0.21052631578947367,0.0,0.05263157894736842
Toronto,Stn A PO Boxes25 The Esplanade Enclave of M5E,0.08,0.09,0.02,0.01,0.53,0.0,0.0,0.0,0.07,0.0,0.05,0.0,0.07,0.0,0.08
Toronto,Summerhill,0.019230769230769232,0.019230769230769232,0.0,0.019230769230769232,0.6538461538461539,0.0,0.0,0.0,0.07692307692307693,0.019230769230769232,0.11538461538461539,0.0,0.019230769230769232,0.0,0.057692307692307696
Toronto,Swansea,0.015873015873015872,0.09523809523809523,0.0,0.0,0.6666666666666666,0.0,0.0,0.0,0.06349206349206349,0.0,0.047619047619047616,0.0,0.07936507936507936,0.0,0.031746031746031744
Toronto,"Tam O'Shanter, Sullivan",0.0,0.0,0.0,0.0,0.631578947368421,0.0,0.0,0.0,0.0,0.0,0.02631578947368421,0.0,0.18421052631578946,0.0,0.15789473684210525
Toronto,The Beaches,0.05063291139240506,0.02531645569620253,0.02531645569620253,0.0,0.6075949367088608,0.0,0.0,0.0,0.0759493670886076,0.0,0.06329113924050633,0.0,0.10126582278481013,0.0,0.05063291139240506
Toronto,The Danforth,0.01098901098901099,0.06593406593406594,0.03296703296703297,0.0,0.6593406593406593,0.0,0.0,0.0,0.07692307692307693,0.0,0.04395604395604396,0.0,0.0989010989010989,0.0,0.01098901098901099
Toronto,The Junction,0.02,0.1,0.03,0.0,0.53,0.0,0.0,0.0,0.05,0.0,0.04,0.0,0.17,0.0,0.06
Toronto,"The Kingsway, Old Mill",0.04081632653061224,0.061224489795918366,0.02040816326530612,0.0,0.5510204081632653,0.0,0.0,0.0,0.061224489795918366,0.0,0.10204081632653061,0.0,0.14285714285714285,0.0,0.02040816326530612
Toronto,Thorncliffe Park,0.0,0.0,0.0,0.0,0.5666666666666667,0.0,0.0,0.0,0.16666666666666666,0.0,0.03333333333333333,0.0,0.1,0.0,0.13333333333333333
Toronto,"Toronto Dominion Centre, Design Exchange",0.1,0.09,0.02,0.01,0.55,0.0,0.0,0.0,0.01,0.0,0.1,0.0,0.04,0.0,0.08
Toronto,Trinity,0.07,0.16,0.02,0.0,0.57,0.0,0.0,0.0,0.01,0.0,0.03,0.0,0.14,0.0,0.0
Toronto,University of Toronto,0.06,0.07,0.01,0.02,0.63,0.0,0.0,0.0,0.06,0.0,0.01,0.0,0.1,0.0,0.04
Toronto,Upper Rouge,0.0,0.0,0.25,0.0,0.0,0.0,0.0,0.0,0.0,0.0,0.25,0.0,0.0,0.0,0.5
Toronto,Village,0.0,0.0,0.0,0.0,0.7272727272727273,0.0,0.0,0.0,0.0,0.0,0.09090909090909091,0.0,0.18181818181818182,0.0,0.0
Toronto,"West Deane Park, Princess Gardens, Martin Grove, Islington",0.0,0.0,0.0,0.0,0.5454545454545454,0.0,0.0,0.0,0.0,0.0,0.18181818181818182,0.0,0.09090909090909091,0.0,0.18181818181818182
Toronto,Westmount,0.0,0.05263157894736842,0.0,0.0,0.5789473684210527,0.0,0.0,0.0,0.05263157894736842,0.0,0.10526315789473684,0.0,0.0,0.0,0.21052631578947367
Toronto,Weston,0.0,0.0,0.05555555555555555,0.0,0.3888888888888889,0.0,0.0,0.0,0.05555555555555555,0.0,0.05555555555555555,0.0,0.2222222222222222,0.05555555555555555,0.16666666666666666
Toronto,"Wexford, Maryvale",0.03571428571428571,0.03571428571428571,0.0,0.0,0.6071428571428571,0.0,0.0,0.0,0.14285714285714285,0.0,0.0,0.0,0.10714285714285714,0.0,0.07142857142857142
Toronto,Willowdale North,0.0,0.06666666666666667,0.0,0.0,0.5333333333333333,0.0,0.0,0.0,0.06666666666666667,0.0,0.06666666666666667,0.0,0.13333333333333333,0.0,0.13333333333333333
Toronto,Willowdale South,0.02,0.05,0.0,0.0,0.72,0.0,0.0,0.0,0.06,0.0,0.02,0.0,0.1,0.0,0.03
Toronto,Woburn,0.0,0.0,0.0,0.0,0.5,0.0,0.0,0.0,0.0,0.0,0.25,0.0,0.25,0.0,0.0
Toronto,Woodbine Heights,0.02,0.08,0.04,0.0,0.38,0.0,0.0,0.0,0.08,0.0,0.12,0.02,0.16,0.0,0.1
Toronto,York Mills North,0.0,0.08333333333333333,0.0,0.0,0.4166666666666667,0.0,0.0,0.0,0.0,0.0,0.08333333333333333,0.0,0.16666666666666666,0.0,0.25
Toronto,York Mills South,0.0,0.0,0.0,0.0,0.5909090909090909,0.0,0.0,0.0,0.0,0.0,0.18181818181818182,0.0,0.045454545454545456,0.0,0.18181818181818182
Vancouver,Abbotsford East,0.0,0.0,0.0,0.0,0.5454545454545454,0.0,0.0,0.0,0.18181818181818182,0.0,0.0,0.0,0.2727272727272727,0.0,0.0
Vancouver,Abbotsford Southeast,0.0,0.0,0.0,0.0,0.5454545454545454,0.0,0.0,0.0,0.18181818181818182,0.0,0.0,0.0,0.2727272727272727,0.0,0.0
Vancouver,Abbotsford Southwest,0.0,0.0,0.0,0.0,0.5454545454545454,0.0,0.0,0.0,0.18181818181818182,0.0,0.0,0.0,0.2727272727272727,0.0,0.0
Vancouver,Abbotsford West,0.0,0.0,0.0,0.0,0.5454545454545454,0.0,0.0,0.0,0.18181818181818182,0.0,0.0,0.0,0.2727272727272727,0.0,0.0
Vancouver,"Alkali Lake, Anahim Lake, Big Lake Ranch, Chilanko Forks, Dog Creek, Hanceville, Horsefly, Kleena Kleene, Likely, McLeese Lake, Nimpo Lake, Redstone, Riske Creek, Tatla Lake, Tatlayoko Lake, Nemaiah Valley",0.0,0.0,1.0,0.0,0.0,0.0,0.0,0.0,0.0,0.0,0.0,0.0,0.0,0.0,0.0
Vancouver,Annacis Island,0.0,0.0,0.0,0.0,0.8571428571428571,0.0,0.0,0.0,0.0,0.0,0.0,0.0,0.0,0.0,0.14285714285714285
Vancouver,"Arbutus Ridge, Dunbar-Southlands",0.0,0.0,0.04,0.0,0.56,0.0,0.0,0.0,0.12,0.0,0.08,0.0,0.08,0.08,0.04
Vancouver,"Argenta, Balfour, Burton, Genelle, Crescent Valley, Edgewood, Fauquier, Fruitvale, Kaslo, Meadow Creek, Montrose, Nakusp, New Denver, Procter, Robson, Rossland, Salmo, Silverton, Slocan, Slocan Park, South Slocan, Winlaw, Ymir",0.0,0.0,0.0,0.0,0.2,0.0,0.0,0.0,0.4,0.0,0.0,0.0,0.0,0.0,0.4
Vancouver,"Ashcroft, Barkerville, Boston Bar, Bridge Lake, Buffalo Creek, Cache Creek, Canim Lake, Clinton, Eagle Creek, Forest Grove, Gang Ranch, Gold Bridge, Hixon, Lac La Hache, Lillooet, Logan Lake, Lone Butte, Lower Nicola, Lytton, 100 Mile House, 150 Mile House, Pavilion, Savona, 70 Mile House, Spences Bridge, Walhachin, Wells, Yale, 108 Mile Ranch",0.07,0.05,0.01,0.0,0.61,0.0,0.0,0.0,0.04,0.0,0.09,0.0,0.06,0.0,0.07
Vancouver,"Atlin, Atlin",0.0,0.058823529411764705,0.0,0.0,0.6588235294117647,0.0,0.0,0.0,0.03529411764705882,0.0,0.03529411764705882,0.0,0.1411764705882353,0.0,0.07058823529411765
Vancouver,"Baldonnel, Jade City, Cecil Lake, Charlie Lake, Chetwynd, Clayhurst, Dease Lake, Farmington, Fort Nelson, Goodlow, Groundbirch, Hudson's Hope, Lower Post, Moberly Lake, Montney, Muncho Lake, North Pine, Pink Mountain, Pouce Coupe, Progress, Rolla, Rose Prairie, Sunset Prairie, Taylor, Tomslake, Wonowon, Buick, Prespatou, Altona, Prophet River, Tumbler Ridge, Toad River, Good Hope Lake",0.05,0.03,0.0,0.0,0.72,0.0,0.0,0.0,0.05,0.0,0.03,0.01,0.11,0.0,0.0
Vancouver,"Barriere, Blind Bay, Blue River, Canoe, Chase, Clearwater, Darfield, Douglas Lake, Eagle Bay, Falkland, Grindrod, Heffley Creek, Knutsford, Little Fort, Louis Creek, Lumby, McLure, Malakwa, Mara, Mica Creek, Monte Creek, Monte Lake, Pritchard, Quilchena, Revelstoke, Sicamous, Sorrento, Tappen, Valemount, Vavenby, Westwold, Pinantan Lake, Scotch Creek, Revelstoke, Sorrento, Clearwater, Sun Peaks",0.05,0.03,0.0,0.0,0.72,0.0,0.0,0.0,0.05,0.0,0.03,0.01,0.11,0.0,0.0
Vancouver,"Bella Coola, Hagensborg, Klemtu, Masset, Ocean Falls, Port Clements, Daajing Giids, Sandspit, Stewart, Tlell, Bella Bella, Haisla",0.0,0.25,0.0,0.0,0.0,0.0,0.0,0.0,0.0,0.0,0.0,0.0,0.0,0.0,0.75
Vancouver,Bentall Centre,0.06,0.04,0.0,0.0,0.57,0.0,0.0,0.01,0.0,0.0,0.07,0.0,0.14,0.0,0.11
Vancouver,"Big Bend, Stride Avenue, Edmonds, Cariboo-Armstrong",0.0,0.03571428571428571,0.0,0.0,0.5714285714285714,0.0,0.0,0.0,0.03571428571428571,0.0,0.07142857142857142,0.0,0.21428571428571427,0.0,0.07142857142857142
Vancouver,"Bridesville, Christina Lake, Grand Forks, Greenwood, Kaleden, Midway, Naramata, Okanagan Falls, Oliver, Osoyoos, Peachland, Rock Creek, Summerland, Westbridge, Osoyoos, Grand Forks",0.04,0.04,0.03,0.0,0.61,0.0,0.0,0.0,0.01,0.0,0.03,0.0,0.14,0.0,0.1
Vancouver,"Brisco, Edgewater, Field, Golden, Harrogate, Invermere, Parson, Radium Hot Springs, Spillimacheen, Panorama",0.027777777777777776,0.08333333333333333,0.027777777777777776,0.0,0.6388888888888888,0.0,0.0,0.0,0.0,0.0,0.027777777777777776,0.0,0.19444444444444445,0.0,0.0
Vancouver,"Burns Lake, Cedarvale, Dome Creek, Dunster, Iskut, Endako, Fort Fraser, Fort St. James, Francois Lake, Fraser Lake, Germansen Landing, Granisle, Lax̱g̱altsʼap, Hazelton, Houston, Kitwanga, Longworth, Mackenzie, McBride, McLeod Lake, Manson Creek, New Hazelton, Penny, Smithers, Southbank, Summit Lake, Takla Landing, Telegraph Creek, Telkwa, Topley, Upper Fraser, Vanderhoof, Ware, Willow River, Crescent Spur, Bear Lake, Nass Camp, Sinclair Mills, Tsay Keh Dene, Meziadin Lake, Gitwinksihlkw, Smithers",0.0,0.0,0.0,0.0,0.4444444444444444,0.0,0.0,0.0,0.2222222222222222,0.0,0.0,0.0,0.1111111111111111,0.0,0.2222222222222222
Vancouver,"Burnside, Hillside-Quadra, North Park, West Oaklands, Rock Bay",0.04040404040404041,0.020202020202020204,0.0,0.0,0.7171717171717171,0.0,0.0,0.0,0.0707070707070707,0.0,0.020202020202020204,0.0,0.08080808080808081,0.0,0.050505050505050504
Vancouver,Campbell River Central,0.0,0.0,0.25,0.0,0.0,0.0,0.0,0.0,0.0,0.0,0.0,0.0,0.5,0.0,0.25
Vancouver,"Canal Flats, Canyon, Crawford Bay, Creston, Elkford, Erickson, Fairmont Hot Springs, Fernie, Fort Steele, Grasmere, Gray Creek, Jaffray, Kingsgate, Kitchener, Kootenay Bay, Moyie, Riondel, Sirdar, Skookumchuck, Sparwood, Ta Ta Creek, Wardner, Wasa, Windermere, Wynndel, Yahk, Creston",0.0,0.0,0.0,0.0,0.5,0.0,0.0,0.0,0.0,0.0,0.0,0.0,0.25,0.0,0.25
Vancouver,"Cascade-Schou, Douglas-Gilpin",0.05263157894736842,0.0,0.0,0.0,0.5263157894736842,0.0,0.0,0.0,0.0,0.0,0.15789473684210525,0.0,0.10526315789473684,0.0,0.15789473684210525
Vancouver,Castlegar,0.05,0.03,0.0,0.0,0.72,0.0,0.0,0.0,0.05,0.0,0.03,0.01,0.11,0.0,0.0
Vancouver,Cedar,0.06493506493506493,0.012987012987012988,0.012987012987012988,0.0,0.7012987012987013,0.0,0.0,0.0,0.03896103896103896,0.0,0.05194805194805195,0.0,0.05194805194805195,0.0,0.06493506493506493
Vancouver,Central Saanich,0.0,0.1111111111111111,0.0,0.0,0.3333333333333333,0.0,0.0,0.0,0.2222222222222222,0.0,0.1111111111111111,0.0,0.1111111111111111,0.0,0.1111111111111111
Vancouver,Central and Southeast,0.028169014084507043,0.0,0.0,0.0,0.6901408450704225,0.0,0.0,0.0,0.028169014084507043,0.0,0.04225352112676056,0.0,0.08450704225352113,0.0,0.1267605633802817
Vancouver,Chilliwack Central,0.05,0.02,0.03,0.0,0.59,0.0,0.0,0.0,0.06,0.0,0.03,0.0,0.22,0.0,0.0
Vancouver,Chilliwack East,0.05,0.02,0.03,0.0,0.59,0.0,0.0,0.0,0.06,0.0,0.03,0.0,0.22,0.0,0.0
Vancouver,Chilliwack West,0.05,0.02,0.03,0.0,0.59,0.0,0.0,0.0,0.06,0.0,0.03,0.0,0.22,0.0,0.0
Vancouver,"Coalmont, Hedley, Hope, Keremeos, East Gate, Princeton, Rosedale, Tulameen, Princeton",0.05,0.03,0.0,0.0,0.72,0.0,0.0,0.0,0.05,0.0,0.03,0.01,0.11,0.0,0.0
Vancouver,"Colwood, Langford, Metchosin",0.04040404040404041,0.020202020202020204,0.0,0.0,0.7171717171717171,0.0,0.0,0.0,0.0707070707070707,0.0,0.020202020202020204,0.0,0.08080808080808081,0.0,0.050505050505050504
Vancouver,Comox,0.07,0.07,0.01,0.0,0.61,0.0,0.0,0.0,0.04,0.0,0.03,0.0,0.07,0.0,0.1
Vancouver,"Cook Street Village, Fairfield, Harris Green, Humboldt Valley, James Bay",0.04040404040404041,0.020202020202020204,0.0,0.0,0.7171717171717171,0.0,0.0,0.0,0.0707070707070707,0.0,0.020202020202020204,0.0,0.08080808080808081,0.0,0.050505050505050504
Vancouver,Coquitlam North South,0.16666666666666666,0.0,0.0,0.0,0.0,0.0,0.0,0.0,0.0,0.0,0.5,0.0,0.16666666666666666,0.0,0.16666666666666666
Vancouver,Coquitlam South,0.08823529411764706,0.0,0.0,0.0,0.38235294117647056,0.0,0.0,0.0,0.058823529411764705,0.0,0.0,0.029411764705882353,0.4411764705882353,0.0,0.0
Vancouver,Courtenay Central,0.0,0.0,0.0,0.0,0.8181818181818182,0.0,0.0,0.0,0.0,0.0,0.09090909090909091,0.0,0.045454545454545456,0.0,0.045454545454545456
Vancouver,Cranbrook,0.0,0.0,0.0,0.0,0.5714285714285714,0.0,0.0,0.0,0.14285714285714285,0.0,0.047619047619047616,0.0,0.14285714285714285,0.0,0.09523809523809523
Vancouver,Dawson Creek,0.03225806451612903,0.03225806451612903,0.0,0.0,0.5161290322580645,0.0,0.0,0.0,0.12903225806451613,0.0,0.0,0.0,0.12903225806451613,0.0,0.16129032258064516
Vancouver,Delta East,0.05,0.03,0.0,0.0,0.72,0.0,0.0,0.0,0.05,0.0,0.03,0.01,0.11,0.0,0.0
Vancouver,Delta Northeast,0.05,0.03,0.0,0.0,0.72,0.0,0.0,0.0,0.05,0.0,0.03,0.01,0.11,0.0,0.0
Vancouver,Delta Northwest,0.0,0.08,0.0,0.0,0.56,0.0,0.0,0.0,0.12,0.0,0.04,0.0,0.16,0.0,0.04
Vancouver,Delta Southeast,0.05,0.03,0.0,0.0,0.72,0.0,0.0,0.0,0.05,0.0,0.03,0.01,0.11,0.0,0.0
Vancouver,Delta Southwest,0.0,0.0,0.0,0.0,0.4,0.0,0.0,0.0,0.2,0.0,0.0,0.0,0.4,0.0,0.0
Vancouver,"Deroche, Dewdney, Harrison Hot Springs, Harrison Mills, Lake Errock",0.05,0.03,0.0,0.0,0.72,0.0,0.0,0.0,0.05,0.0,0.03,0.01,0.11,0.0,0.0
Vancouver,Downtown North,0.05,0.02,0.03,0.0,0.61,0.0,0.0,0.0,0.06,0.0,0.08,0.0,0.09,0.0,0.06
Vancouver,"Downtown, Chinatown",0.04040404040404041,0.020202020202020204,0.0,0.0,0.7171717171717171,0.0,0.0,0.0,0.0707070707070707,0.0,0.020202020202020204,0.0,0.08080808080808081,0.0,0.050505050505050504
Vancouver,"Downtown, Gastown, Harbour Centre, International Village, Victory Square, Yaletown",0.05,0.06,0.02,0.0,0.55,0.0,0.0,0.0,0.0,0.0,0.08,0.0,0.14,0.0,0.1
Vancouver,"Dunbar-Southlands, Chaldecutt, University Endowment Lands",0.0,0.0,0.0,0.0,0.0,0.0,0.0,0.0,0.0,0.0,0.75,0.0,0.0,0.0,0.25
Vancouver,Duncan,0.05128205128205128,0.05128205128205128,0.0,0.0,0.6923076923076923,0.0,0.0,0.0,0.02564102564102564,0.0,0.02564102564102564,0.0,0.07692307692307693,0.0,0.07692307692307693
Vancouver,East Central North,0.5,0.0,0.0,0.0,0.0,0.0,0.0,0.0,0.0,0.0,0.0,0.0,0.5,0.0,0.0
Vancouver,East Central South,0.0,0.0,0.0,0.0,0.5,0.0,0.0,0.0,0.25,0.0,0.0,0.0,0.25,0.0,0.0
Vancouver,East Central West,0.0,0.0,0.0,0.0,0.0,0.0,0.0,0.0,0.0,0.0,0.0,0.0,1.0,0.0,0.0
Vancouver,"Fairview, Granville Island, Shaughnessy",0.024390243902439025,0.012195121951219513,0.036585365853658534,0.0,0.5121951219512195,0.0,0.0,0.0,0.06097560975609756,0.0,0.04878048780487805,0.012195121951219513,0.23170731707317074,0.0,0.06097560975609756
Vancouver,"Fairview, South Cambie",0.02,0.02,0.0,0.0,0.58,0.0,0.0,0.0,0.06,0.0,0.14,0.0,0.08,0.0,0.1
Vancouver,Fort St. John,0.0625,0.0,0.0,0.0,0.625,0.0,0.0,0.0,0.125,0.0,0.0,0.0,0.125,0.0,0.0625
Vancouver,"Government Road, Lake City, SFU, Burnaby Mountain",0.0,0.0,0.0,0.0,0.5,0.0,0.0,0.0,0.375,0.0,0.0,0.0,0.125,0.0,0.0
Vancouver,Grandview-Woodland,0.04,0.01,0.0,0.0,0.82,0.0,0.0,0.0,0.05,0.0,0.03,0.0,0.04,0.0,0.01
Vancouver,"Grandview-Woodland, Kensington-Cedar Cottage",0.038461538461538464,0.0,0.0,0.019230769230769232,0.6346153846153846,0.0,0.0,0.0,0.07692307692307693,0.0,0.057692307692307696,0.0,0.11538461538461539,0.019230769230769232,0.038461538461538464
Vancouver,Halfmoon Bay,0.0,0.09523809523809523,0.0,0.0,0.38095238095238093,0.0,0.0,0.0,0.0,0.0,0.14285714285714285,0.0,0.19047619047619047,0.0,0.19047619047619047
Vancouver,Hastings-Sunrise,0.5517241379310345,0.034482758620689655,0.034482758620689655,0.0,0.10344827586206896,0.0,0.0,0.0,0.034482758620689655,0.0,0.1724137931034483,0.0,0.034482758620689655,0.0,0.034482758620689655
Vancouver,"Hastings-Sunrise, Renfrew-Collingwood",0.0,0.0,0.0,0.0,0.4489795918367347,0.0,0.0,0.0,0.08163265306122448,0.0,0.061224489795918366,0.04081632653061224,0.20408163265306123,0.0,0.16326530612244897
Vancouver,"Heights, Willingdon Heights, West Central Valley",0.020833333333333332,0.020833333333333332,0.0,0.0,0.6875,0.0,0.0,0.0,0.08333333333333333,0.0,0.010416666666666666,0.010416666666666666,0.13541666666666666,0.0,0.03125
Vancouver,"Highlands, Langford, View Royal",0.04040404040404041,0.020202020202020204,0.0,0.0,0.7171717171717171,0.0,0.0,0.0,0.0707070707070707,0.0,0.020202020202020204,0.0,0.08080808080808081,0.0,0.050505050505050504
Vancouver,"Highlands, Saanich",0.04040404040404041,0.020202020202020204,0.0,0.0,0.7171717171717171,0.0,0.0,0.0,0.0707070707070707,0.0,0.020202020202020204,0.0,0.08080808080808081,0.0,0.050505050505050504
Vancouver,Inner Northwest,0.029411764705882353,0.0,0.0,0.014705882352941176,0.6764705882352942,0.0,0.0,0.0,0.058823529411764705,0.0,0.014705882352941176,0.014705882352941176,0.1323529411764706,0.0,0.058823529411764705
Vancouver,Kamloops North,0.028169014084507043,0.0,0.0,0.0,0.6901408450704225,0.0,0.0,0.0,0.028169014084507043,0.0,0.04225352112676056,0.0,0.08450704225352113,0.0,0.1267605633802817
Vancouver,Kamloops Northwest,0.028169014084507043,0.0,0.0,0.0,0.6901408450704225,0.0,0.0,0.0,0.028169014084507043,0.0,0.04225352112676056,0.0,0.08450704225352113,0.0,0.1267605633802817
Vancouver,Kamloops Southwest,0.028169014084507043,0.0,0.0,0.0,0.6901408450704225,0.0,0.0,0.0,0.028169014084507043,0.0,0.04225352112676056,0.0,0.08450704225352113,0.0,0.1267605633802817
Vancouver,Kelowna Central,0.2549019607843137,0.0,0.0196078431372549,0.0,0.49019607843137253,0.0,0.0,0.0,0.0392156862745098,0.0,0.0784313725490196,0.0,0.058823529411764705,0.0,0.058823529411764705
Vancouver,Kelowna East,0.2549019607843137,0.0,0.0196078431372549,0.0,0.49019607843137253,0.0,0.0,0.0,0.0392156862745098,0.0,0.0784313725490196,0.0,0.058823529411764705,0.0,0.058823529411764705
Vancouver,Kelowna North,0.2549019607843137,0.0,0.0196078431372549,0.0,0.49019607843137253,0.0,0.0,0.0,0.0392156862745098,0.0,0.0784313725490196,0.0,0.058823529411764705,0.0,0.058823529411764705
Vancouver,Kelowna Southwest,0.2549019607843137,0.0,0.0196078431372549,0.0,0.49019607843137253,0.0,0.0,0.0,0.0392156862745098,0.0,0.0784313725490196,0.0,0.058823529411764705,0.0,0.058823529411764705
Vancouver,"Kensington-Cedar Cottage, Riley Park",0.0,0.06,0.0,0.0,0.69,0.0,0.0,0.0,0.04,0.0,0.02,0.0,0.15,0.0,0.04
Vancouver,"Kensington-Cedar Cottage, Victoria-Fraserview",0.0,0.0,0.034482758620689655,0.0,0.41379310344827586,0.0,0.0,0.0,0.06896551724137931,0.0,0.06896551724137931,0.0,0.1724137931034483,0.0,0.2413793103448276
Vancouver,"Kerrisdale, Dunbar-Southlands, Musqueam",0.0,0.0,0.0,0.0,0.25,0.0,0.0,0.0,0.4166666666666667,0.0,0.0,0.0,0.08333333333333333,0.0,0.25
Vancouver,"Kerrisdale, Oakridge, Marpole",0.02,0.02,0.01,0.0,0.38,0.0,0.0,0.0,0.05,0.0,0.04,0.0,0.4,0.0,0.08
Vancouver,Killarney,0.0,0.045454545454545456,0.0,0.0,0.36363636363636365,0.0,0.0,0.0,0.13636363636363635,0.0,0.09090909090909091,0.0,0.13636363636363635,0.0,0.22727272727272727
Vancouver,Kimberley,0.0,0.058823529411764705,0.0,0.0,0.47058823529411764,0.0,0.0,0.0,0.11764705882352941,0.0,0.058823529411764705,0.0,0.23529411764705882,0.0,0.058823529411764705
Vancouver,"Kincolith, Kitkatla, Oona River, Port Edward, Lax Kw'alaams",0.0,0.07692307692307693,0.07692307692307693,0.0,0.3076923076923077,0.0,0.0,0.0,0.15384615384615385,0.0,0.07692307692307693,0.0,0.15384615384615385,0.0,0.15384615384615385
Vancouver,Kitimat,0.05,0.03,0.0,0.0,0.72,0.0,0.0,0.0,0.05,0.0,0.03,0.01,0.11,0.0,0.0
Vancouver,"Kitsilano, Greektown",0.0,0.04,0.02,0.0,0.73,0.0,0.0,0.0,0.09,0.0,0.03,0.0,0.08,0.01,0.0
Vancouver,"Kitsilano, West Point Grey, Jericho",0.017543859649122806,0.03508771929824561,0.03508771929824561,0.0,0.631578947368421,0.0,0.0,0.0,0.017543859649122806,0.0,0.07017543859649122,0.0,0.14035087719298245,0.0,0.05263157894736842
Vancouver,Ladysmith,0.05,0.03,0.0,0.0,0.72,0.0,0.0,0.0,0.05,0.0,0.03,0.01,0.11,0.0,0.0
Vancouver,"Lakeview-Mayfield, Richmond Park, Kingsway-Beresford",0.07,0.05,0.01,0.0,0.62,0.0,0.0,0.0,0.03,0.0,0.06,0.0,0.08,0.0,0.08
Vancouver,Langley City,0.0,0.2,0.0,0.0,0.2,0.2,0.0,0.0,0.0,0.0,0.4,0.0,0.0,0.0,0.0
Vancouver,Langley Township East,0.0,0.0,0.0,0.0,0.4166666666666667,0.0,0.0,0.0,0.08333333333333333,0.0,0.3333333333333333,0.0,0.08333333333333333,0.0,0.08333333333333333
Vancouver,Langley Township North,0.0,0.0,0.0,0.0,0.4166666666666667,0.0,0.0,0.0,0.08333333333333333,0.0,0.3333333333333333,0.0,0.08333333333333333,0.0,0.08333333333333333
Vancouver,Langley Township Northwest,0.05555555555555555,0.0,0.0,0.0,0.4444444444444444,0.0,0.0,0.0,0.1111111111111111,0.0,0.05555555555555555,0.0,0.2222222222222222,0.0,0.1111111111111111
Vancouver,Langley Township Southwest,0.0,0.0,0.0,0.0,0.4166666666666667,0.0,0.0,0.0,0.08333333333333333,0.0,0.3333333333333333,0.0,0.08333333333333333,0.0,0.08333333333333333
Vancouver,Lower East,0.0,0.03488372093023256,0.011627906976744186,0.0,0.5697674418604651,0.0,0.0,0.0,0.03488372093023256,0.0,0.011627906976744186,0.0,0.313953488372093,0.0,0.023255813953488372
Vancouver,Lower West,0.0,0.03488372093023256,0.011627906976744186,0.0,0.5697674418604651,0.0,0.0,0.0,0.03488372093023256,0.0,0.011627906976744186,0.0,0.313953488372093,0.0,0.023255813953488372
Vancouver,Maple Ridge East,0.0,0.0,0.0,0.0,0.6666666666666666,0.0,0.0,0.0,0.08333333333333333,0.0,0.0625,0.0,0.08333333333333333,0.0,0.10416666666666667
Vancouver,Maple Ridge Northwest,0.0,0.0,0.0,0.0,0.6666666666666666,0.0,0.0,0.0,0.08333333333333333,0.0,0.0625,0.0,0.08333333333333333,0.0,0.10416666666666667
Vancouver,Maple Ridge West,0.0,0.0,0.0,0.0,0.6666666666666666,0.0,0.0,0.0,0.08333333333333333,0.0,0.0625,0.0,0.08333333333333333,0.0,0.10416666666666667
Vancouver,"Maywood, Marlborough, Oakalla, Windsor",0.01,0.01,0.01,0.0,0.6,0.0,0.0,0.0,0.03,0.0,0.0,0.0,0.31,0.0,0.03
Vancouver,Merritt,0.023255813953488372,0.046511627906976744,0.0,0.0,0.7906976744186046,0.0,0.0,0.0,0.023255813953488372,0.0,0.0,0.0,0.11627906976744186,0.0,0.0
Vancouver,"Mill Bay, Shawnigan Lake",0.0,0.25,0.0,0.0,0.25,0.0,0.0,0.0,0.0,0.0,0.25,0.0,0.0,0.0,0.25
Vancouver,Mission East,0.02247191011235955,0.033707865168539325,0.011235955056179775,0.0,0.5955056179775281,0.0,0.0,0.0,0.06741573033707865,0.011235955056179775,0.06741573033707865,0.0,0.12359550561797752,0.0,0.06741573033707865
Vancouver,Mission West,0.02247191011235955,0.033707865168539325,0.011235955056179775,0.0,0.5955056179775281,0.0,0.0,0.0,0.06741573033707865,0.011235955056179775,0.06741573033707865,0.0,0.12359550561797752,0.0,0.06741573033707865
Vancouver,Mount Pleasant,0.03,0.1,0.0,0.0,0.7,0.0,0.0,0.0,0.03,0.0,0.02,0.0,0.11,0.01,0.0
Vancouver,"Mount Pleasant, Riley Park",0.03,0.05,0.0,0.0,0.61,0.0,0.0,0.0,0.07,0.0,0.07,0.0,0.17,0.0,0.0
Vancouver,Nanaimo Central,0.04,0.0,0.0,0.0,0.28,0.0,0.0,0.0,0.08,0.0,0.24,0.0,0.12,0.0,0.24
Vancouver,Nanaimo Northwest,0.06493506493506493,0.012987012987012988,0.012987012987012988,0.0,0.7012987012987013,0.0,0.0,0.0,0.03896103896103896,0.0,0.05194805194805195,0.0,0.05194805194805195,0.0,0.06493506493506493
Vancouver,Nanaimo South,0.06493506493506493,0.012987012987012988,0.012987012987012988,0.0,0.7012987012987013,0.0,0.0,0.0,0.03896103896103896,0.0,0.05194805194805195,0.0,0.05194805194805195,0.0,0.06493506493506493
Vancouver,Nelson,0.1,0.03,0.03,0.0,0.56,0.0,0.0,0.0,0.02,0.0,0.07,0.0,0.09,0.0,0.1
Vancouver,New Westminster Northeast,0.04918032786885246,0.04918032786885246,0.0,0.01639344262295082,0.5573770491803278,0.0,0.0,0.0,0.03278688524590164,0.0,0.03278688524590164,0.0,0.21311475409836064,0.0,0.04918032786885246
Vancouver,"North Saanich, YYJ",0.021739130434782608,0.0,0.021739130434782608,0.043478260869565216,0.5217391304347826,0.0,0.0,0.0,0.08695652173913043,0.0,0.043478260869565216,0.0,0.10869565217391304,0.0,0.15217391304347827
Vancouver,North Vancouver  city South Central,0.0,0.0,0.0,0.0,0.75,0.0,0.0,0.0,0.05,0.0,0.05,0.0,0.1,0.0,0.05
Vancouver,North Vancouver  city Southwest,0.0,0.02564102564102564,0.0,0.0,0.6410256410256411,0.0,0.0,0.0,0.10256410256410256,0.0,0.0,0.0,0.07692307692307693,0.0,0.15384615384615385
Vancouver,North Vancouver  city Southwest Central,0.014705882352941176,0.04411764705882353,0.0,0.0,0.6764705882352942,0.0,0.0,0.0,0.07352941176470588,0.0,0.029411764705882353,0.0,0.11764705882352941,0.0,0.04411764705882353
Vancouver,North Vancouver  district municipality East Central,0.14285714285714285,0.0,0.0,0.0,0.14285714285714285,0.0,0.0,0.0,0.0,0.0,0.2857142857142857,0.0,0.0,0.0,0.42857142857142855
Vancouver,North Vancouver  district municipality Inner East,0.0,0.0,0.0,0.0,0.5,0.0,0.0,0.0,0.0,0.0,0.0,0.0,0.0,0.25,0.25
Vancouver,North Vancouver  district municipality North Central,0.0,0.0,0.0,0.0,0.0,0.0,0.0,0.0,0.0,0.0,0.5,0.0,0.0,0.0,0.5
Vancouver,North Vancouver  district municipality Northwest,0.0,0.0,0.0,0.0,0.5555555555555556,0.0,0.0,0.0,0.0,0.0,0.4444444444444444,0.0,0.0,0.0,0.0
Vancouver,North Vancouver  district municipality Northwest Central,0.0,0.16666666666666666,0.0,0.0,0.3333333333333333,0.0,0.0,0.0,0.16666666666666666,0.0,0.3333333333333333,0.0,0.0,0.0,0.0
Vancouver,North Vancouver  district municipality Outer East,0.0,0.0,0.0,0.0,0.0,0.0,0.0,0.0,0.0,0.0,0.75,0.0,0.0,0.25,0.0
Vancouver,Northern Outskirts,0.0,0.0,0.0,0.0,0.8181818181818182,0.0,0.0,0.0,0.0,0.0,0.09090909090909091,0.0,0.045454545454545456,0.0,0.045454545454545456
Vancouver,"Oak Bay, Fairfield, Gonzales, Fernwood, Rockland",0.04040404040404041,0.020202020202020204,0.0,0.0,0.7171717171717171,0.0,0.0,0.0,0.0707070707070707,0.0,0.020202020202020204,0.0,0.08080808080808081,0.0,0.050505050505050504
Vancouver,"Oak Bay, Fernwood, Jubilee, Jubilee, Oaklands",0.04040404040404041,0.020202020202020204,0.0,0.0,0.7171717171717171,0.0,0.0,0.0,0.0707070707070707,0.0,0.020202020202020204,0.0,0.08080808080808081,0.0,0.050505050505050504
Vancouver,"Oakridge, Marpole, Sunset",0.0,0.03571428571428571,0.0,0.0,0.4642857142857143,0.0,0.0,0.0,0.03571428571428571,0.0,0.0,0.0,0.17857142857142858,0.0,0.2857142857142857
Vancouver,Outer Northwest,0.0,0.0,0.0,0.0,0.8571428571428571,0.0,0.0,0.0,0.0,0.0,0.0,0.0,0.0,0.0,0.14285714285714285
Vancouver,Outskirts North,0.015625,0.046875,0.015625,0.0,0.625,0.0,0.0,0.0,0.109375,0.0,0.046875,0.0,0.0625,0.0,0.078125
Vancouver,Pacific Centre,0.1,0.05,0.01,0.0,0.57,0.0,0.0,0.0,0.0,0.0,0.03,0.0,0.13,0.0,0.11
Vancouver,"Parkcrest-Aubrey, Ardingley-Sprott",0.14285714285714285,0.0,0.0,0.0,0.5714285714285714,0.0,0.0,0.0,0.0,0.0,0.0,0.0,0.07142857142857142,0.0,0.21428571428571427
Vancouver,Parksville,0.0,0.09523809523809523,0.0,0.0,0.5238095238095238,0.0,0.0,0.0,0.047619047619047616,0.0,0.047619047619047616,0.0,0.047619047619047616,0.0,0.23809523809523808
Vancouver,Penticton,0.05555555555555555,0.0,0.013888888888888888,0.0,0.6666666666666666,0.0,0.0,0.0,0.027777777777777776,0.0,0.05555555555555555,0.0,0.09722222222222222,0.0,0.08333333333333333
Vancouver,Pitt Meadows,0.041666666666666664,0.041666666666666664,0.0,0.0,0.625,0.0,0.0,0.0,0.0,0.0,0.20833333333333334,0.0,0.0,0.0,0.08333333333333333
Vancouver,Port Alberni,0.07,0.05,0.0,0.0,0.54,0.0,0.0,0.01,0.04,0.0,0.04,0.0,0.14,0.0,0.11
Vancouver,Port Coquitlam Central,0.0625,0.0625,0.0,0.0,0.25,0.0,0.0,0.0,0.125,0.0,0.0625,0.0,0.1875,0.0,0.25
Vancouver,Port Coquitlam South,0.0,0.06666666666666667,0.0,0.0,0.6,0.0,0.0,0.0,0.03333333333333333,0.0,0.0,0.0,0.26666666666666666,0.0,0.03333333333333333
Vancouver,Port Moody,0.0,0.0,0.0,0.0,0.5,0.0,0.0,0.0,0.0,0.0,0.5,0.0,0.0,0.0,0.0
Vancouver,Port Renfrew,0.0,0.0,0.020833333333333332,0.0,0.4375,0.0,0.0,0.0,0.0625,0.0,0.041666666666666664,0.020833333333333332,0.22916666666666666,0.0,0.1875
Vancouver,Powell River,0.0547945205479452,0.0136986301369863,0.0,0.0,0.726027397260274,0.0,0.0,0.0,0.0684931506849315,0.0,0.0273972602739726,0.0,0.0547945205479452,0.0,0.0547945205479452
Vancouver,Prince George North,0.0,0.0,0.0,0.0,0.5,0.0,0.0,0.0,0.25,0.0,0.0,0.0,0.25,0.0,0.0
Vancouver,Prince George South,0.0,0.0,0.0,0.0,0.5,0.0,0.0,0.0,0.25,0.0,0.0,0.0,0.25,0.0,0.0
Vancouver,Prince Rupert,0.13636363636363635,0.045454545454545456,0.0,0.0,0.2727272727272727,0.0,0.0,0.0,0.13636363636363635,0.0,0.0,0.0,0.22727272727272727,0.0,0.18181818181818182
Vancouver,Qualicum Beach,0.0,0.0,0.0,0.0,0.29411764705882354,0.0,0.0,0.0,0.0,0.0,0.11764705882352941,0.0,0.35294117647058826,0.0,0.23529411764705882
Vancouver,Quesnel,0.017241379310344827,0.08620689655172414,0.034482758620689655,0.0,0.6896551724137931,0.0,0.0,0.0,0.0,0.0,0.0,0.0,0.15517241379310345,0.017241379310344827,0.0
Vancouver,Renfrew-Collingwood,0.0,0.0,0.0,0.0,0.6666666666666666,0.0,0.0,0.0,0.03333333333333333,0.0,0.1,0.0,0.11666666666666667,0.0,0.08333333333333333
Vancouver,Richmond Central,0.03,0.01,0.0,0.0,0.68,0.0,0.0,0.0,0.05,0.0,0.01,0.0,0.18,0.0,0.04
Vancouver,Richmond North,0.02127659574468085,0.0425531914893617,0.0,0.0,0.6808510638297872,0.0,0.0,0.0,0.0,0.0,0.02127659574468085,0.02127659574468085,0.1276595744680851,0.0,0.0851063829787234
Vancouver,Richmond Northeast,0.0,0.0,0.0,0.0,0.6666666666666666,0.0,0.0,0.0,0.16666666666666666,0.0,0.0,0.0,0.16666666666666666,0.0,0.0
Vancouver,Richmond Northwest,0.0,0.0,0.0,0.0,0.2727272727272727,0.0,0.0,0.0,0.09090909090909091,0.0,0.36363636363636365,0.0,0.09090909090909091,0.0,0.18181818181818182
Vancouver,Richmond South,0.4,0.0,0.0,0.0,0.2,0.0,0.0,0.0,0.0,0.0,0.2,0.0,0.2,0.0,0.0
Vancouver,Richmond Southeast,0.0,0.0,0.0,0.0,0.25,0.0,0.0,0.0,0.25,0.0,0.25,0.0,0.0,0.25,0.0
Vancouver,Richmond Southwest,0.0,0.06666666666666667,0.0,0.0,0.5,0.0,0.0,0.0,0.03333333333333333,0.0,0.1,0.0,0.23333333333333334,0.0,0.06666666666666667
Vancouver,"Riley Park, Kensington-Cedar Cottage, Oakridge, Sunset",0.0,0.0,0.0,0.0,0.6666666666666666,0.0,0.0,0.0,0.023809523809523808,0.0,0.047619047619047616,0.023809523809523808,0.11904761904761904,0.0,0.11904761904761904
Vancouver,Saanich North,0.04040404040404041,0.020202020202020204,0.0,0.0,0.7171717171717171,0.0,0.0,0.0,0.0707070707070707,0.0,0.020202020202020204,0.0,0.08080808080808081,0.0,0.050505050505050504
Vancouver,"Saanich, UVic",0.04040404040404041,0.020202020202020204,0.0,0.0,0.7171717171717171,0.0,0.0,0.0,0.0707070707070707,0.0,0.020202020202020204,0.0,0.08080808080808081,0.0,0.050505050505050504
Vancouver,Salmon Arm,0.0,0.02127659574468085,0.0,0.0,0.6808510638297872,0.0,0.0,0.0,0.0851063829787234,0.0,0.02127659574468085,0.02127659574468085,0.1276595744680851,0.0,0.0425531914893617
Vancouver,Salt Spring Island,0.0,0.0,0.0,0.0,0.0,0.0,0.0,0.0,0.0,0.0,1.0,0.0,0.0,0.0,0.0
Vancouver,"Sea Island, YVR",0.013333333333333334,0.06666666666666667,0.013333333333333334,0.0,0.38666666666666666,0.0,0.0,0.0,0.013333333333333334,0.0,0.013333333333333334,0.0,0.14666666666666667,0.0,0.3466666666666667
Vancouver,"Shaughnessy, Kitsilano, Quilchena",0.02,0.03,0.01,0.0,0.63,0.0,0.0,0.0,0.07,0.0,0.02,0.0,0.22,0.0,0.0
Vancouver,"Shaughnessy, Oakridge, Kerrisdale, Arbutus Ridge",0.0,0.0,0.0,0.0,0.6808510638297872,0.0,0.0,0.0,0.06382978723404255,0.0,0.02127659574468085,0.0,0.0851063829787234,0.0,0.14893617021276595
Vancouver,Sooke,0.05,0.03,0.0,0.0,0.72,0.0,0.0,0.0,0.05,0.0,0.03,0.01,0.11,0.0,0.0
Vancouver,South and West,0.028169014084507043,0.0,0.0,0.0,0.6901408450704225,0.0,0.0,0.0,0.028169014084507043,0.0,0.04225352112676056,0.0,0.08450704225352113,0.0,0.1267605633802817
Vancouver,Squamish,0.0,0.0,0.0,0.0,0.6521739130434783,0.0,0.0,0.0,0.13043478260869565,0.0,0.08695652173913043,0.0,0.043478260869565216,0.0,0.08695652173913043
Vancouver,"Strathcona, Chinatown, Downtown Eastside",0.07,0.11,0.0,0.0,0.65,0.0,0.0,0.0,0.05,0.0,0.06,0.0,0.06,0.0,0.0
Vancouver,"Suncrest, Sussex-Nelson, Clinton-Glenwood, Big Bend",0.0,0.0,0.0,0.0,0.15384615384615385,0.0,0.0,0.0,0.38461538461538464,0.0,0.0,0.0,0.38461538461538464,0.07692307692307693,0.0
Vancouver,Surrey North,0.0,0.0,0.0,0.0,0.0,0.0,0.0,0.0,0.5,0.0,0.0,0.0,0.25,0.0,0.25
Vancouver,Surrey Northeast,0.0,0.03488372093023256,0.011627906976744186,0.0,0.5697674418604651,0.0,0.0,0.0,0.03488372093023256,0.0,0.011627906976744186,0.0,0.313953488372093,0.0,0.023255813953488372
Vancouver,Surrey South,0.0,0.03488372093023256,0.011627906976744186,0.0,0.5697674418604651,0.0,0.0,0.0,0.03488372093023256,0.0,0.011627906976744186,0.0,0.313953488372093,0.0,0.023255813953488372
Vancouver,Surrey Southwest,0.0,0.03488372093023256,0.011627906976744186,0.0,0.5697674418604651,0.0,0.0,0.0,0.03488372093023256,0.0,0.011627906976744186,0.0,0.313953488372093,0.0,0.023255813953488372
Vancouver,Terrace,0.01,0.05,0.02,0.0,0.74,0.0,0.0,0.0,0.08,0.0,0.02,0.0,0.07,0.0,0.01
Vancouver,Trail,0.05,0.03,0.0,0.0,0.72,0.0,0.0,0.0,0.05,0.0,0.03,0.01,0.11,0.0,0.0
Vancouver,UBC,0.14285714285714285,0.0,0.0,0.0,0.2857142857142857,0.0,0.0,0.0,0.0,0.0,0.42857142857142855,0.0,0.0,0.0,0.14285714285714285
Vancouver,Upper East,0.0,0.0,0.0,0.0,0.25,0.0,0.0,0.0,0.0,0.0,0.5,0.0,0.25,0.0,0.0
Vancouver,Upper West,0.0,0.05555555555555555,0.0,0.0,0.6666666666666666,0.0,0.0,0.0,0.05555555555555555,0.0,0.05555555555555555,0.0,0.16666666666666666,0.0,0.0
Vancouver,Vernon Central,0.04,0.03,0.0,0.0,0.72,0.0,0.0,0.0,0.07,0.0,0.03,0.0,0.1,0.0,0.01
Vancouver,Vernon East,0.04,0.03,0.0,0.0,0.72,0.0,0.0,0.0,0.07,0.0,0.03,0.0,0.1,0.0,0.01
Vancouver,Vernon West,0.04,0.03,0.0,0.0,0.72,0.0,0.0,0.0,0.07,0.0,0.03,0.0,0.1,0.0,0.01
Vancouver,"Vic West, Esquimalt, Canadian Forces, MARPAC",0.04040404040404041,0.020202020202020204,0.0,0.0,0.7171717171717171,0.0,0.0,0.0,0.0707070707070707,0.0,0.020202020202020204,0.0,0.08080808080808081,0.0,0.050505050505050504
Vancouver,"Waterfront, Coal Harbour, Canada Place",0.08,0.06,0.0,0.0,0.51,0.0,0.0,0.01,0.0,0.0,0.07,0.0,0.17,0.0,0.1
Vancouver,Wellington,0.06493506493506493,0.012987012987012988,0.012987012987012988,0.0,0.7012987012987013,0.0,0.0,0.0,0.03896103896103896,0.0,0.05194805194805195,0.0,0.05194805194805195,0.0,0.06493506493506493
Vancouver,West Central,0.0,0.0,0.0,0.0,0.5,0.0,0.0,0.0,0.25,0.0,0.0,0.0,0.25,0.0,0.0
Vancouver,"West End, Davie Village",0.1,0.04,0.01,0.0,0.55,0.0,0.0,0.0,0.04,0.0,0.04,0.0,0.1,0.0,0.12
Vancouver,"West End, Stanley Park",0.14634146341463414,0.012195121951219513,0.012195121951219513,0.0,0.524390243902439,0.0,0.0,0.0,0.036585365853658534,0.0,0.1951219512195122,0.0,0.024390243902439025,0.0,0.04878048780487805
Vancouver,West Kelowna East,0.2549019607843137,0.0,0.0196078431372549,0.0,0.49019607843137253,0.0,0.0,0.0,0.0392156862745098,0.0,0.0784313725490196,0.0,0.058823529411764705,0.0,0.058823529411764705
Vancouver,West Vancouver North,0.3333333333333333,0.0,0.0,0.0,0.0,0.0,0.0,0.0,0.0,0.0,0.3333333333333333,0.0,0.3333333333333333,0.0,0.0
Vancouver,West Vancouver South,0.0,0.0,0.0,0.0,0.5384615384615384,0.0,0.0,0.0,0.15384615384615385,0.0,0.15384615384615385,0.0,0.15384615384615385,0.0,0.0
Vancouver,West Vancouver Southeast,0.0136986301369863,0.0273972602739726,0.0,0.0,0.4383561643835616,0.0,0.0,0.0,0.0684931506849315,0.0,0.0410958904109589,0.0136986301369863,0.3835616438356164,0.0,0.0136986301369863
Vancouver,West Vancouver West,0.0,0.0,0.0,0.0,0.2,0.0,0.0,0.0,0.0,0.0,0.8,0.0,0.0,0.0,0.0
Vancouver,Westbank,0.2549019607843137,0.0,0.0196078431372549,0.0,0.49019607843137253,0.0,0.0,0.0,0.0392156862745098,0.0,0.0784313725490196,0.0,0.058823529411764705,0.0,0.058823529411764705
Vancouver,Whistler,0.06,0.01,0.0,0.0,0.68,0.0,0.0,0.0,0.07,0.0,0.03,0.01,0.14,0.0,0.0
Vancouver,"Whistler, Blubber Bay, Bowen Island, Brackendale, Britannia Beach, Coal Harbour, D'Arcy, Dawsons Landing, Egmont, Galiano Island, Garden Bay, Garibaldi Highlands, Gibsons, Gillies Bay, Holberg, Kingcome Inlet, Lions Bay, Lund, Madeira Park, Pender Harbour, Mayne Island, Mount Currie, Pemberton, Pender Island, Port Alice, Port Hardy, Port McNeill, Port Mellon, Quatsino, Roberts Creek, Saturna, Sechelt, Seton Portage, Shalalth, Sointula, Telegraph Cove, Van Anda, Winter Harbour, Woss, Gibsons, Furry Creek",0.05,0.03,0.0,0.0,0.72,0.0,0.0,0.0,0.05,0.0,0.03,0.01,0.11,0.0,0.0
Vancouver,White Rock,0.025,0.0,0.0,0.0,0.8,0.0,0.0,0.0,0.025,0.0,0.15,0.0,0.0,0.0,0.0
Vancouver,Williams Lake,0.0,0.0,0.0,0.0,0.0,0.0,0.0,0.0,0.0,0.0,0.0,0.0,0.0,0.0,1.0
Vancouver,Winfield,0.06,0.04,0.03,0.0,0.57,0.0,0.0,0.0,0.02,0.0,0.08,0.0,0.11,0.0,0.09
Vancouver,"[3], Spallumcheen, Enderby",0.04477611940298507,0.04477611940298507,0.0,0.0,0.6268656716417911,0.0,0.0,0.0,0.08955223880597014,0.0,0.08955223880597014,0.0,0.08955223880597014,0.0,0.014925373134328358
